mhjd,mag_A,magerr_A,mag_B,magerr_B,mag_C,magerr_C,mag_D,magerr_D,telescope
52863.88300,-10.91666,0.01310,-10.38366,0.01920,-10.42866,0.01820,-10.21666,0.02220,SMARTS
52871.82900,-10.84166,0.01670,-10.38766,0.02390,-10.45966,0.02190,-10.24766,0.02510,SMARTS
52877.84300,-10.84766,0.01200,-10.37166,0.01700,-10.35066,0.01700,-10.23466,0.01800,SMARTS
52884.78400,-10.84066,0.01200,-10.36266,0.01800,-10.35966,0.01700,-10.16766,0.01900,SMARTS
52891.82700,-10.80966,0.01680,-10.32666,0.02580,-10.33566,0.02400,-10.20666,0.02610,SMARTS
52899.84300,-10.81066,0.01200,-10.28766,0.01800,-10.30866,0.01700,-10.18166,0.01900,SMARTS
52906.84800,-10.79766,0.01770,-10.28666,0.02240,-10.27566,0.02260,-10.14666,0.02420,SMARTS
52916.80300,-10.78966,0.01590,-10.29566,0.02170,-10.30766,0.02100,-10.08466,0.02370,SMARTS
52919.82800,-10.80466,0.01300,-10.25666,0.02000,-10.28266,0.01900,-10.12766,0.02100,SMARTS
52926.78000,-10.79566,0.01200,-10.27966,0.01800,-10.37766,0.01600,-10.15266,0.01900,SMARTS
52937.67200,-10.82366,0.01150,-10.28866,0.01670,-10.31066,0.01580,-10.10766,0.01800,SMARTS
52941.68900,-10.77166,0.01590,-10.28766,0.02040,-10.32266,0.01960,-10.14166,0.02200,SMARTS
52947.69800,-10.79766,0.01100,-10.25966,0.01600,-10.30066,0.01600,-10.10666,0.01800,SMARTS
52954.71100,-10.75966,0.04120,-10.18966,0.05960,-10.20566,0.05820,-10.14166,0.06080,SMARTS
52958.74200,-10.80266,0.01200,-10.22466,0.01800,-10.24866,0.01700,-10.16266,0.01800,SMARTS
52961.68200,-10.77766,0.01440,-10.26966,0.02080,-10.24866,0.02000,-10.08566,0.02230,SMARTS
52962.68000,-10.78566,0.01160,-10.28166,0.01590,-10.28066,0.01590,-10.10366,0.01800,SMARTS
52965.63000,-10.82166,0.01200,-10.27166,0.01900,-10.21166,0.01900,-10.07266,0.02100,SMARTS
52967.63700,-10.80466,0.01580,-10.24266,0.02270,-10.29766,0.02110,-10.10166,0.02360,SMARTS
52972.61900,-10.76666,0.02350,-10.24566,0.03080,-10.25766,0.03030,-10.04066,0.03390,SMARTS
52975.66900,-10.80766,0.01360,-10.24066,0.01850,-10.29266,0.01760,-10.11866,0.01980,SMARTS
52979.63200,-10.80566,0.01200,-10.32566,0.01900,-10.26266,0.01900,-10.09066,0.02200,SMARTS
52982.68200,-10.82766,0.01800,-10.17666,0.03200,-10.17366,0.03200,-10.08766,0.03500,SMARTS
52986.63400,-10.81566,0.01510,-10.29366,0.01920,-10.29766,0.01920,-10.08866,0.02180,SMARTS
52993.66400,-10.83866,0.01270,-10.29166,0.01750,-10.29966,0.01750,-10.12166,0.01900,SMARTS
53000.68400,-10.83566,0.01500,-10.31466,0.01910,-10.30566,0.01910,-10.11466,0.02160,SMARTS
53013.31700,-10.84566,0.01000,-10.32166,0.01500,-10.30666,0.01500,-10.13566,0.01700,SMARTS
53021.61200,-10.87366,0.01410,-10.28166,0.02150,-10.27666,0.01990,-10.14266,0.02210,SMARTS
53023.08418,-10.90589,0.01505,-10.28009,0.01505,-10.30849,0.01505,-10.13624,0.01505,Euler
53028.61900,-10.88466,0.01480,-10.31166,0.02030,-10.31666,0.01970,-10.17866,0.02180,SMARTS
53029.09476,-10.92294,0.01124,-10.28967,0.01124,-10.32618,0.01124,-10.13765,0.01124,Euler
53031.08728,-10.90150,0.00942,-10.28546,0.00942,-10.33602,0.00942,-10.18129,0.00942,Euler
53033.07764,-10.90983,0.00786,-10.30287,0.00786,-10.34048,0.00786,-10.15282,0.00786,Euler
53035.61400,-10.89966,0.01100,-10.30066,0.01800,-10.32666,0.01700,-10.19166,0.01900,SMARTS
53038.59200,-10.90466,0.01000,-10.34566,0.01500,-10.34466,0.01400,-10.19566,0.01600,SMARTS
53041.61800,-10.88866,0.01490,-10.30966,0.02400,-10.34166,0.02310,-10.17866,0.02610,SMARTS
53045.65300,-10.92666,0.02570,-10.32666,0.03960,-10.24066,0.03960,-10.22666,0.04060,SMARTS
53048.61600,-10.88566,0.01720,-10.29666,0.02290,-10.28566,0.02250,-10.22866,0.02360,SMARTS
53053.58100,-10.86166,0.01730,-10.30066,0.02230,-10.28366,0.02250,-10.21866,0.02360,SMARTS
53054.57600,-10.88166,0.01480,-10.26666,0.02050,-10.26266,0.02060,-10.24466,0.02080,SMARTS
53057.52800,-10.84466,0.01100,-10.29366,0.01700,-10.27166,0.01600,-10.20666,0.01700,SMARTS
53061.53900,-10.84366,0.01200,-10.27866,0.01900,-10.27166,0.01800,-10.18766,0.01900,SMARTS
53066.57700,-10.87966,0.01670,-10.20766,0.02880,-10.21766,0.02700,-10.18566,0.02700,SMARTS
53067.59700,-10.85366,0.01200,-10.27066,0.01900,-10.27766,0.01800,-10.17466,0.02000,SMARTS
53068.05512,-10.86986,0.08326,-10.27506,0.08326,-10.31143,0.08326,-10.16812,0.08326,Euler
53069.53300,-10.82466,0.01500,-10.29066,0.02220,-10.27066,0.02140,-10.16766,0.02340,SMARTS
53073.53300,-10.82166,0.01300,-10.22466,0.02000,-10.29366,0.01800,-10.13766,0.02100,SMARTS
53076.50500,-10.81566,0.01200,-10.25366,0.01800,-10.26366,0.01800,-10.16366,0.01900,SMARTS
53081.55300,-10.85266,0.01300,-10.26766,0.02100,-10.24166,0.02000,-10.12566,0.02100,SMARTS
53087.49400,-10.80866,0.01300,-10.22066,0.02100,-10.25466,0.01900,-10.14066,0.02100,SMARTS
53094.50000,-10.81966,0.01100,-10.22066,0.01700,-10.22366,0.01700,-10.15366,0.01800,SMARTS
53098.51100,-10.80266,0.02150,-10.18666,0.03410,-10.20666,0.03240,-10.14066,0.03370,SMARTS
53102.47900,-10.81966,0.01590,-10.17066,0.02610,-10.22566,0.02330,-10.10866,0.02630,SMARTS
53105.48500,-10.79366,0.01200,-10.22266,0.01800,-10.23466,0.01700,-10.09566,0.01900,SMARTS
53237.88400,-10.90266,0.01230,-10.32566,0.01940,-10.31366,0.01850,-10.12166,0.02070,SMARTS
53240.85900,-10.89466,0.01200,-10.31766,0.01900,-10.33666,0.01700,-10.11366,0.02000,SMARTS
53245.86000,-10.89366,0.01200,-10.34766,0.01800,-10.34466,0.01700,-10.18866,0.01900,SMARTS
53251.81000,-10.90966,0.01310,-10.33966,0.02210,-10.36966,0.02010,-10.18566,0.02320,SMARTS
53258.83300,-10.87266,0.01340,-10.36966,0.01730,-10.36766,0.01730,-10.16066,0.01960,SMARTS
53263.79300,-10.89066,0.01260,-10.32766,0.01670,-10.34266,0.01590,-10.16266,0.01810,SMARTS
53267.83600,-10.87066,0.01200,-10.35966,0.01700,-10.34466,0.01600,-10.17666,0.01800,SMARTS
53270.17236,-10.91028,0.01248,-10.29272,0.01248,-10.30325,0.01248,-10.17093,0.01248,Mercator
53270.81600,-10.89666,0.01260,-10.35466,0.01660,-10.34466,0.01660,-10.16866,0.01880,SMARTS
53273.78700,-10.85466,0.01200,-10.35666,0.01700,-10.37166,0.01600,-10.20066,0.01900,SMARTS
53274.16612,-10.90136,0.01232,-10.31759,0.01232,-10.30514,0.01232,-10.15071,0.01232,Mercator
53275.19232,-10.90378,0.01137,-10.31610,0.01137,-10.27250,0.01137,-10.17620,0.01137,Mercator
53280.17352,-10.87400,0.00720,-10.34480,0.00720,-10.26513,0.00720,-10.10879,0.00720,Mercator
53282.14652,-10.87697,0.00312,-10.31020,0.00312,-10.31959,0.00312,-10.16058,0.00312,Mercator
53282.70500,-10.86266,0.01100,-10.36366,0.01500,-10.35066,0.01500,-10.14266,0.01800,SMARTS
53283.16588,-10.91318,0.01048,-10.29182,0.01048,-10.31104,0.01048,-10.18540,0.01048,Mercator
53284.80400,-10.87466,0.01300,-10.31466,0.02200,-10.33666,0.02000,-10.16166,0.02300,SMARTS
53286.12287,-10.92712,0.01286,-10.29919,0.01286,-10.31832,0.01286,-10.16618,0.01286,Mercator
53289.71200,-10.88466,0.01320,-10.32466,0.02130,-10.35666,0.01850,-10.16466,0.02150,SMARTS
53292.77600,-10.89666,0.01200,-10.27866,0.02000,-10.34966,0.01700,-10.19266,0.02000,SMARTS
53293.77300,-10.90766,0.01400,-10.32866,0.02060,-10.32266,0.01980,-10.11966,0.02210,SMARTS
53295.15470,-10.92650,0.01738,-10.29676,0.01738,-10.33746,0.01738,-10.16256,0.01738,Mercator
53296.27573,-10.93988,0.01489,-10.31085,0.01489,-10.33667,0.01489,-10.15880,0.01489,Euler
53296.77700,-10.89666,0.01260,-10.31066,0.01750,-10.34666,0.01740,-10.18366,0.01880,SMARTS
53298.70300,-10.92066,0.01100,-10.34966,0.01700,-10.33966,0.01600,-10.15666,0.01900,SMARTS
53299.17743,-10.91615,0.00941,-10.32333,0.00941,-10.35511,0.00941,-10.15756,0.00941,Mercator
53301.12281,-10.93229,0.01105,-10.32528,0.01105,-10.31711,0.01105,-10.16341,0.01105,Mercator
53302.65900,-10.91066,0.02530,-10.37566,0.03950,-10.30466,0.03820,-10.14466,0.04340,SMARTS
53305.16242,-10.91993,0.02177,-10.32238,0.02177,-10.31449,0.02177,-10.15631,0.02177,Euler
53306.68400,-10.91666,0.02680,-10.39866,0.03730,-10.31966,0.03880,-10.11966,0.04380,SMARTS
53307.18517,-10.91781,0.01166,-10.29049,0.01166,-10.33942,0.01166,-10.16690,0.01166,Euler
53308.71100,-10.90666,0.01680,-10.34166,0.02440,-10.36866,0.02440,-10.16866,0.02770,SMARTS
53310.16421,-10.92616,0.00596,-10.30861,0.00596,-10.32955,0.00596,-10.16922,0.00596,Mercator
53310.29580,-10.93072,0.00954,-10.32093,0.00954,-10.35346,0.00954,-10.16667,0.00954,Euler
53310.67300,-10.92466,0.01000,-10.37066,0.01500,-10.35366,0.01500,-10.19466,0.01700,SMARTS
53313.17738,-10.94694,0.00894,-10.29876,0.00894,-10.32954,0.00894,-10.16324,0.00894,Mercator
53315.12422,-10.93253,0.00731,-10.32260,0.00731,-10.34630,0.00731,-10.17041,0.00731,Mercator
53315.65200,-10.91266,0.01050,-10.36566,0.01480,-10.37666,0.01480,-10.16766,0.01700,SMARTS
53320.69600,-10.90566,0.01260,-10.36366,0.01730,-10.35966,0.01660,-10.17966,0.01880,SMARTS
53323.63700,-10.87966,0.01100,-10.35766,0.01600,-10.34266,0.01600,-10.19866,0.01700,SMARTS
53326.60300,-10.86166,0.01200,-10.37066,0.01700,-10.33666,0.01700,-10.20066,0.01800,SMARTS
53329.10372,-10.88480,0.00670,-10.31141,0.00670,-10.30220,0.00670,-10.17801,0.00670,Mercator
53329.68200,-10.88166,0.01060,-10.35966,0.01490,-10.32566,0.01490,-10.19866,0.01600,SMARTS
53330.17067,-10.88909,0.00827,-10.30496,0.00827,-10.32101,0.00827,-10.19245,0.00827,Mercator
53332.06041,-10.87531,0.01304,-10.29924,0.01304,-10.30463,0.01304,-10.18145,0.01304,Mercator
53332.59400,-10.83866,0.06260,-10.38966,0.08310,-10.21966,0.09020,-10.22866,0.08990,SMARTS
53337.67700,-10.83666,0.03570,-10.30266,0.04890,-10.22566,0.05140,-10.22266,0.05170,SMARTS
53339.62200,-10.82466,0.01590,-10.31266,0.02310,-10.26966,0.02320,-10.16966,0.02520,SMARTS
53345.55500,-10.76066,0.01340,-10.27166,0.01860,-10.27166,0.01770,-10.10166,0.01980,SMARTS
53346.07229,-10.79978,0.00836,-10.30444,0.00836,-10.23368,0.00836,-10.10642,0.00836,Mercator
53346.20680,-10.80635,0.00828,-10.25166,0.00828,-10.25274,0.00828,-10.13040,0.00828,Euler
53348.65100,-10.75966,0.01370,-10.27066,0.01760,-10.23466,0.01780,-10.11166,0.01980,SMARTS
53349.08427,-10.80563,0.00726,-10.24027,0.00726,-10.20406,0.00726,-10.11822,0.00726,Mercator
53351.63900,-10.73966,0.01100,-10.25666,0.01500,-10.21066,0.01500,-10.08066,0.01700,SMARTS
53353.22352,-10.76049,0.01090,-10.22923,0.01090,-10.21705,0.01090,-10.07497,0.01090,Euler
53353.58400,-10.73566,0.01380,-10.25966,0.01770,-10.21866,0.01780,-10.07066,0.01920,SMARTS
53354.67000,-10.74266,0.01370,-10.21766,0.01860,-10.20566,0.01860,-10.07666,0.01990,SMARTS
53355.66000,-10.73966,0.01550,-10.20766,0.02090,-10.18266,0.02050,-10.07266,0.02190,SMARTS
53356.64700,-10.75266,0.01370,-10.19766,0.01940,-10.19166,0.01870,-10.08166,0.01990,SMARTS
53357.58200,-10.72366,0.01100,-10.22766,0.01500,-10.21666,0.01400,-10.05566,0.01600,SMARTS
53358.63000,-10.74866,0.01160,-10.22366,0.01600,-10.21766,0.01510,-10.04366,0.01720,SMARTS
53359.62400,-10.76266,0.01000,-10.23166,0.01500,-10.22266,0.01400,-10.08366,0.01600,SMARTS
53360.16356,-10.77491,0.01064,-10.19422,0.01064,-10.22793,0.01064,-10.04892,0.01064,Euler
53360.59500,-10.76366,0.01400,-10.22166,0.02100,-10.27066,0.02000,-10.01766,0.02400,SMARTS
53361.62500,-10.77566,0.01100,-10.24866,0.01600,-10.24566,0.01600,-10.05966,0.01800,SMARTS
53362.60500,-10.76966,0.01300,-10.22166,0.02000,-10.22366,0.02000,-10.04166,0.02300,SMARTS
53366.23016,-10.78701,0.01015,-10.19608,0.01015,-10.24642,0.01015,-9.98030,0.01015,Euler
53366.60300,-10.77866,0.02910,-10.23466,0.04100,-10.24166,0.04100,-9.99366,0.04800,SMARTS
53367.66900,-10.80366,0.01500,-10.16966,0.02430,-10.17966,0.02340,-10.08166,0.02540,SMARTS
53369.66200,-10.78466,0.01100,-10.18466,0.01800,-10.23266,0.01700,-10.01566,0.02000,SMARTS
53370.63700,-10.77766,0.01250,-10.15866,0.01780,-10.20566,0.01690,-10.02666,0.01900,SMARTS
53371.59200,-10.77366,0.01370,-10.17666,0.01950,-10.24866,0.01850,-10.01166,0.02100,SMARTS
53372.17164,-10.80790,0.00777,-10.19324,0.00777,-10.25769,0.00777,-9.97944,0.00777,Euler
53372.60900,-10.80266,0.01000,-10.19666,0.01500,-10.21966,0.01400,-10.03666,0.01600,SMARTS
53373.24000,-10.79371,0.03430,-10.18511,0.03580,-10.21271,0.03650,-9.99371,0.03520,Maidanak
53373.63400,-10.80166,0.01200,-10.19266,0.02000,-10.22366,0.01800,-10.00166,0.02100,SMARTS
53374.59100,-10.81466,0.01200,-10.15466,0.02100,-10.22066,0.01800,-10.00166,0.02200,SMARTS
53375.58600,-10.82866,0.01350,-10.18166,0.01950,-10.26666,0.01770,-10.02566,0.02090,SMARTS
53376.61200,-10.83666,0.01270,-10.21666,0.01860,-10.25466,0.01770,-9.99666,0.02030,SMARTS
53377.60300,-10.83666,0.01350,-10.20066,0.01860,-10.24766,0.01770,-10.00766,0.02100,SMARTS
53378.63600,-10.85466,0.01150,-10.17866,0.01690,-10.26866,0.01590,-10.00566,0.01810,SMARTS
53378.97461,-10.86418,0.01484,-10.20276,0.01484,-10.28595,0.01484,-10.03232,0.01484,Mercator
53379.62000,-10.83266,0.01150,-10.24666,0.01770,-10.29166,0.01590,-10.00966,0.01900,SMARTS
53380.60200,-10.84866,0.01150,-10.23566,0.01680,-10.30666,0.01500,-9.99666,0.01900,SMARTS
53381.13679,-10.88914,0.00998,-10.22423,0.00998,-10.27303,0.00998,-9.98765,0.00998,Euler
53381.58800,-10.85366,0.01270,-10.21466,0.01780,-10.31766,0.01670,-10.00466,0.02020,SMARTS
53382.19456,-10.88157,0.01389,-10.20885,0.01389,-10.28416,0.01389,-10.00005,0.01389,Euler
53382.58300,-10.87866,0.01100,-10.25966,0.01600,-10.32366,0.01500,-10.00666,0.01900,SMARTS
53382.93672,-10.89793,0.00974,-10.25855,0.00974,-10.28873,0.00974,-10.04652,0.00974,Mercator
53383.12047,-10.89055,0.01125,-10.24390,0.01125,-10.30628,0.01125,-10.03127,0.01125,Euler
53383.61100,-10.88366,0.01260,-10.27466,0.01690,-10.29266,0.01680,-10.01066,0.01950,SMARTS
53385.12108,-10.90430,0.00678,-10.25033,0.00678,-10.30966,0.00678,-10.02161,0.00678,Euler
53385.59100,-10.90066,0.01200,-10.25666,0.01900,-10.26866,0.01800,-10.02766,0.02100,SMARTS
53386.18051,-10.91139,0.00968,-10.23467,0.00968,-10.32778,0.00968,-10.04670,0.00968,Euler
53386.60100,-10.91766,0.01050,-10.24166,0.01590,-10.27266,0.01500,-10.02866,0.01810,SMARTS
53387.12083,-10.91695,0.00698,-10.26548,0.00698,-10.30872,0.00698,-10.03922,0.00698,Euler
53387.59200,-10.90066,0.01000,-10.26566,0.01400,-10.32566,0.01400,-10.06766,0.01600,SMARTS
53388.16762,-10.91881,0.01195,-10.26111,0.01195,-10.31719,0.01195,-10.04292,0.01195,Euler
53389.09518,-10.92534,0.00923,-10.25887,0.00923,-10.34191,0.00923,-10.05464,0.00923,Euler
53393.94721,-10.92405,0.01286,-10.27049,0.01286,-10.32674,0.01286,-10.09714,0.01286,Mercator
53394.12043,-10.90321,0.00872,-10.24463,0.00872,-10.32757,0.00872,-10.11156,0.00872,Euler
53394.60400,-10.90466,0.01960,-10.29866,0.02870,-10.35266,0.02770,-10.10366,0.03310,SMARTS
53395.60300,-10.91366,0.01680,-10.26966,0.02640,-10.33966,0.02450,-10.16966,0.02770,SMARTS
53395.89056,-10.93103,0.00532,-10.32773,0.00532,-10.32682,0.00532,-10.16031,0.00532,Mercator
53396.54000,-10.91766,0.02240,-10.30366,0.03350,-10.30166,0.03290,-10.13066,0.03640,SMARTS
53397.55900,-10.92866,0.01000,-10.30466,0.01600,-10.34766,0.01500,-10.12366,0.01800,SMARTS
53398.55300,-10.94766,0.01050,-10.26766,0.01500,-10.32566,0.01410,-10.15966,0.01610,SMARTS
53399.12215,-10.93394,0.00748,-10.28340,0.00748,-10.33054,0.00748,-10.15975,0.00748,Euler
53399.57700,-10.94166,0.01050,-10.28366,0.01590,-10.30366,0.01500,-10.17666,0.01610,SMARTS
53402.52700,-10.94266,0.01100,-10.27166,0.01900,-10.33466,0.01800,-10.17166,0.02000,SMARTS
53403.55900,-10.94466,0.01050,-10.32566,0.01490,-10.34266,0.01490,-10.16466,0.01610,SMARTS
53404.57300,-10.93866,0.01100,-10.33266,0.01600,-10.29866,0.01500,-10.14666,0.01700,SMARTS
53405.11586,-10.91606,0.00840,-10.28904,0.00840,-10.32969,0.00840,-10.15338,0.00840,Euler
53405.56000,-10.93066,0.01000,-10.32366,0.01400,-10.34166,0.01400,-10.14466,0.01600,SMARTS
53406.56300,-10.93066,0.01140,-10.30866,0.01580,-10.32066,0.01580,-10.17666,0.01700,SMARTS
53407.11479,-10.92842,0.01071,-10.28866,0.01071,-10.30465,0.01071,-10.14068,0.01071,Euler
53407.56000,-10.91766,0.01100,-10.32466,0.01600,-10.32566,0.01500,-10.13966,0.01700,SMARTS
53408.06553,-10.92278,0.01441,-10.33789,0.01441,-10.32908,0.01441,-10.14708,0.01441,Euler
53408.57300,-10.92466,0.01140,-10.33166,0.01580,-10.34166,0.01580,-10.16666,0.01700,SMARTS
53409.07536,-10.93363,0.01319,-10.33347,0.01319,-10.31750,0.01319,-10.14427,0.01319,Euler
53409.55900,-10.92166,0.01000,-10.31066,0.01500,-10.33766,0.01400,-10.15066,0.01600,SMARTS
53410.06133,-10.92142,0.01070,-10.29740,0.01070,-10.33240,0.01070,-10.14411,0.01070,Euler
53410.55700,-10.92266,0.01250,-10.35366,0.01660,-10.34266,0.01660,-10.15066,0.01820,SMARTS
53411.07720,-10.92275,0.00748,-10.32573,0.00748,-10.35669,0.00748,-10.13302,0.00748,Euler
53411.56000,-10.92466,0.01140,-10.33266,0.01670,-10.30466,0.01670,-10.15266,0.01790,SMARTS
53413.55900,-10.92366,0.01100,-10.31166,0.01800,-10.30066,0.01700,-10.19866,0.01800,SMARTS
53414.54800,-10.91466,0.01300,-10.30166,0.02100,-10.34666,0.01800,-10.21766,0.02000,SMARTS
53415.54600,-10.92166,0.01000,-10.32066,0.01400,-10.30966,0.01300,-10.20066,0.01500,SMARTS
53420.56600,-10.91666,0.01310,-10.32566,0.02020,-10.34766,0.01920,-10.14966,0.02220,SMARTS
53422.59000,-10.94066,0.02160,-10.33866,0.03260,-10.33866,0.03190,-10.12766,0.03720,SMARTS
53426.54500,-10.92366,0.02370,-10.27966,0.03840,-10.27166,0.03610,-10.19166,0.03910,SMARTS
53427.54800,-10.90766,0.01490,-10.33966,0.02400,-10.32966,0.02310,-10.14066,0.02620,SMARTS
53429.08695,-10.93429,0.00953,-10.32129,0.00953,-10.34554,0.00953,-10.14221,0.00953,Euler
53431.10828,-10.94018,0.01308,-10.31838,0.01308,-10.35660,0.01308,-10.14499,0.01308,Euler
53432.53500,-10.93266,0.01000,-10.28766,0.01600,-10.28766,0.01500,-10.17266,0.01600,SMARTS
53433.05400,-10.94093,0.00757,-10.29912,0.00757,-10.33643,0.00757,-10.13691,0.00757,Euler
53433.53800,-10.93766,0.01100,-10.32666,0.01700,-10.30966,0.01600,-10.21066,0.01700,SMARTS
53435.53500,-10.94866,0.01100,-10.32966,0.01700,-10.32066,0.01600,-10.18466,0.01800,SMARTS
53436.05750,-10.94538,0.00657,-10.29913,0.00657,-10.34868,0.00657,-10.15780,0.00657,Euler
53441.91661,-10.95697,0.00998,-10.32946,0.00998,-10.31288,0.00998,-10.13500,0.00998,Mercator
53442.03591,-10.96567,0.02198,-10.28820,0.02198,-10.34404,0.02198,-10.17394,0.02198,Euler
53444.51200,-10.97166,0.01310,-10.27666,0.02210,-10.33966,0.02010,-10.19966,0.02220,SMARTS
53446.49200,-11.04666,0.04070,-10.28666,0.06550,-10.23866,0.06540,-10.19266,0.06780,SMARTS
53448.50300,-10.99066,0.01100,-10.31666,0.01900,-10.36266,0.01700,-10.19066,0.02000,SMARTS
53450.04936,-10.96746,0.04642,-10.31808,0.04642,-10.36928,0.04642,-10.16438,0.04642,Euler
53453.50600,-10.98666,0.02340,-10.36866,0.03560,-10.33266,0.03530,-10.18566,0.03880,SMARTS
53458.01006,-10.99533,0.01055,-10.33370,0.01055,-10.35675,0.01055,-10.21577,0.01055,Euler
53460.48000,-11.04766,0.04480,-10.32166,0.07270,-10.28466,0.06970,-10.18866,0.07520,SMARTS
53464.48300,-11.04566,0.02240,-10.35466,0.03870,-10.28166,0.03680,-10.22166,0.03890,SMARTS
53469.47900,-11.04166,0.01980,-10.27066,0.03450,-10.27466,0.03120,-10.26966,0.03140,SMARTS
53475.99005,-11.02851,0.01783,-10.37035,0.01783,-10.36449,0.01783,-10.21376,0.01783,Euler
53558.42136,-11.12964,0.01036,-10.44675,0.01036,-10.47943,0.01036,-10.32276,0.01036,Euler
53586.36046,-11.14719,0.01212,-10.45051,0.01212,-10.48942,0.01212,-10.34976,0.01212,Euler
53592.40796,-11.16374,0.01409,-10.45876,0.01409,-10.50072,0.01409,-10.32547,0.01409,Euler
53601.38426,-11.17877,0.01064,-10.47798,0.01064,-10.53729,0.01064,-10.32871,0.01064,Euler
53602.39263,-11.18832,0.01540,-10.44696,0.01540,-10.48749,0.01540,-10.33312,0.01540,Euler
53603.39065,-11.16988,0.01247,-10.48567,0.01247,-10.50258,0.01247,-10.32643,0.01247,Euler
53607.39197,-11.18800,0.01290,-10.50132,0.01290,-10.52989,0.01290,-10.35219,0.01290,Euler
53608.39039,-11.20059,0.01281,-10.49321,0.01281,-10.53324,0.01281,-10.35929,0.01281,Euler
53614.20219,-11.20944,0.01038,-10.48907,0.01038,-10.55008,0.01038,-10.36319,0.01038,Mercator
53617.20534,-11.21105,0.00817,-10.48440,0.00817,-10.51543,0.00817,-10.36816,0.00817,Mercator
53618.22093,-11.17781,0.00623,-10.52117,0.00623,-10.56938,0.00623,-10.37851,0.00623,Mercator
53622.49500,-11.23871,0.01540,-10.52461,0.02070,-10.59051,0.02110,-10.41491,0.01830,Maidanak
53624.49500,-11.23711,0.01110,-10.54311,0.01560,-10.57381,0.01060,-10.41211,0.01560,Maidanak
53625.22527,-11.21892,0.00927,-10.52415,0.00927,-10.55392,0.00927,-10.39099,0.00927,Mercator
53626.49900,-11.23111,0.01380,-10.51461,0.02870,-10.56171,0.01580,-10.41411,0.01630,Maidanak
53640.38092,-11.25456,0.01282,-10.55733,0.01282,-10.59906,0.01282,-10.44153,0.01282,Euler
53647.23587,-11.25476,0.00526,-10.56963,0.00526,-10.57165,0.00526,-10.42867,0.00526,Mercator
53648.20486,-11.25245,0.00592,-10.54151,0.00592,-10.57490,0.00592,-10.43752,0.00592,Mercator
53650.30718,-11.25704,0.01306,-10.56001,0.01306,-10.59830,0.01306,-10.45275,0.01306,Euler
53654.20149,-11.25459,0.00596,-10.52532,0.00596,-10.58562,0.00596,-10.43636,0.00596,Mercator
53654.26041,-11.23103,0.01473,-10.55696,0.01473,-10.57276,0.01473,-10.43730,0.01473,Euler
53655.21596,-11.24950,0.00858,-10.54679,0.00858,-10.57451,0.00858,-10.43317,0.00858,Mercator
53656.21407,-11.24339,0.00760,-10.52010,0.00760,-10.58468,0.00760,-10.43096,0.00760,Mercator
53657.16608,-11.25005,0.00881,-10.53592,0.00881,-10.58778,0.00881,-10.43197,0.00881,Mercator
53659.46800,-11.28671,0.04340,-10.60951,0.04320,-10.63211,0.04410,-10.48221,0.04450,Maidanak
53661.20218,-11.24054,0.01605,-10.51906,0.01605,-10.59128,0.01605,-10.40210,0.01605,Mercator
53662.20779,-11.23928,0.00885,-10.51508,0.00885,-10.59850,0.00885,-10.42334,0.00885,Mercator
53662.41400,-11.25611,0.01600,-10.56541,0.02530,-10.60621,0.01720,-10.48521,0.01950,Maidanak
53663.20306,-11.23690,0.00969,-10.54033,0.00969,-10.56293,0.00969,-10.43204,0.00969,Mercator
53664.17998,-11.23118,0.00680,-10.52226,0.00680,-10.57674,0.00680,-10.43107,0.00680,Mercator
53665.17478,-11.23819,0.00919,-10.53031,0.00919,-10.56722,0.00919,-10.42724,0.00919,Mercator
53666.20623,-11.24803,0.00791,-10.54439,0.00791,-10.56640,0.00791,-10.42844,0.00791,Mercator
53667.15403,-11.25396,0.00723,-10.51891,0.00723,-10.58795,0.00723,-10.44625,0.00723,Mercator
53668.31061,-11.23941,0.01445,-10.53617,0.01445,-10.58419,0.01445,-10.43781,0.01445,Euler
53669.41700,-11.25511,0.03280,-10.50931,0.03010,-10.56661,0.01600,-10.44501,0.01630,Maidanak
53672.30055,-11.24636,0.01254,-10.53542,0.01254,-10.60328,0.01254,-10.43194,0.01254,Euler
53673.40500,-11.22841,0.01520,-10.55681,0.01820,-10.57101,0.01860,-10.42341,0.01720,Maidanak
53675.43000,-11.23901,0.00940,-10.55221,0.00960,-10.57821,0.00890,-10.45181,0.01460,Maidanak
53676.15939,-11.23621,0.01323,-10.54476,0.01323,-10.57606,0.01323,-10.44718,0.01323,Euler
53677.18773,-11.24575,0.01350,-10.54014,0.01350,-10.59441,0.01350,-10.42360,0.01350,Euler
53678.19347,-11.24828,0.01202,-10.53013,0.01202,-10.58561,0.01202,-10.44571,0.01202,Euler
53679.33700,-11.22571,0.00550,-10.54881,0.00700,-10.57001,0.00650,-10.44051,0.01000,Maidanak
53680.14955,-11.24091,0.01170,-10.54474,0.01170,-10.56946,0.01170,-10.43929,0.01170,Euler
53681.22508,-11.22598,0.01378,-10.54067,0.01378,-10.56890,0.01378,-10.43507,0.01378,Euler
53682.15025,-11.24716,0.01524,-10.53709,0.01524,-10.56030,0.01524,-10.45900,0.01524,Euler
53684.15545,-11.23375,0.01366,-10.56092,0.01366,-10.55427,0.01366,-10.44049,0.01366,Euler
53685.19556,-11.20660,0.01256,-10.52446,0.01256,-10.56807,0.01256,-10.41488,0.01256,Euler
53687.13032,-11.21004,0.01888,-10.53826,0.01888,-10.55621,0.01888,-10.44024,0.01888,Euler
53688.20281,-11.21326,0.01230,-10.52575,0.01230,-10.55343,0.01230,-10.41353,0.01230,Euler
53690.25222,-11.23131,0.00992,-10.50455,0.00992,-10.54929,0.00992,-10.42888,0.00992,Euler
53692.21761,-11.21236,0.01042,-10.52039,0.01042,-10.55912,0.01042,-10.43122,0.01042,Euler
53693.08860,-11.23043,0.01510,-10.51354,0.01510,-10.55716,0.01510,-10.43404,0.01510,Euler
53694.24837,-11.21315,0.01091,-10.51245,0.01091,-10.56157,0.01091,-10.41531,0.01091,Euler
53695.21883,-11.21400,0.01631,-10.51730,0.01631,-10.55321,0.01631,-10.40570,0.01631,Euler
53696.23405,-11.21878,0.01200,-10.52528,0.01200,-10.54381,0.01200,-10.40397,0.01200,Euler
53700.17540,-11.20817,0.01513,-10.52685,0.01513,-10.53725,0.01513,-10.40523,0.01513,Euler
53700.32900,-11.21591,0.01110,-10.54771,0.01260,-10.56411,0.01270,-10.41601,0.01140,Maidanak
53703.33800,-11.18611,0.00440,-10.53731,0.00790,-10.53501,0.00720,-10.39781,0.01000,Maidanak
53705.33700,-11.16451,0.01310,-10.51331,0.01240,-10.52741,0.01320,-10.40341,0.01430,Maidanak
53707.05407,-11.16037,0.01051,-10.47455,0.01051,-10.56231,0.01051,-10.40444,0.01051,Mercator
53707.20098,-11.18578,0.00779,-10.48718,0.00779,-10.53063,0.00779,-10.39395,0.00779,Euler
53709.03524,-11.16571,0.00910,-10.48236,0.00910,-10.52742,0.00910,-10.39006,0.00910,Mercator
53710.30300,-11.16021,0.00580,-10.46861,0.00950,-10.50231,0.00900,-10.38111,0.01120,Maidanak
53711.27400,-11.18151,0.00710,-10.51231,0.00890,-10.52291,0.00860,-10.39631,0.01210,Maidanak
53713.29100,-11.15381,0.01020,-10.47231,0.01300,-10.49571,0.01320,-10.37381,0.01210,Maidanak
53713.97997,-11.17964,0.01234,-10.47648,0.01234,-10.52242,0.01234,-10.37615,0.01234,Mercator
53715.20101,-11.17831,0.00732,-10.49191,0.00732,-10.52816,0.00732,-10.36619,0.00732,Euler
53715.29200,-11.17141,0.00910,-10.50031,0.01180,-10.53451,0.00960,-10.39261,0.01240,Maidanak
53717.27300,-11.17541,0.01450,-10.48851,0.01160,-10.51781,0.01220,-10.39631,0.01940,Maidanak
53717.96315,-11.17099,0.00875,-10.45919,0.00875,-10.51223,0.00875,-10.35208,0.00875,Mercator
53719.04780,-11.18368,0.00428,-10.43772,0.00428,-10.49662,0.00428,-10.35159,0.00428,Mercator
53720.17382,-11.15785,0.01455,-10.47001,0.01455,-10.52649,0.01455,-10.34741,0.01455,Euler
53721.29900,-11.16211,0.01030,-10.49451,0.01930,-10.50471,0.01930,-10.33521,0.01870,Maidanak
53724.27900,-11.15871,0.02210,-10.49211,0.02190,-10.52001,0.02310,-10.36761,0.02220,Maidanak
53726.28700,-11.16241,0.00810,-10.47711,0.00950,-10.49621,0.00910,-10.34091,0.00860,Maidanak
53726.99637,-11.15035,0.00472,-10.43697,0.00472,-10.50194,0.00472,-10.33914,0.00472,Mercator
53728.26400,-11.13551,0.01320,-10.44891,0.01790,-10.48981,0.01970,-10.35881,0.01840,Maidanak
53731.23244,-11.14287,0.01121,-10.46091,0.01121,-10.50789,0.01121,-10.34055,0.01121,Euler
53732.10683,-11.16021,0.01023,-10.43575,0.01023,-10.52353,0.01023,-10.34309,0.01023,Euler
53733.10968,-11.15870,0.01255,-10.44398,0.01255,-10.50507,0.01255,-10.34131,0.01255,Euler
53734.21663,-11.16245,0.01074,-10.46760,0.01074,-10.51425,0.01074,-10.33526,0.01074,Euler
53735.08599,-11.16131,0.01212,-10.43941,0.01212,-10.51459,0.01212,-10.33389,0.01212,Euler
53740.20800,-11.13081,0.00550,-10.47171,0.01000,-10.47991,0.00350,-10.32181,0.00570,Maidanak
53741.21600,-11.12901,0.00900,-10.45591,0.00920,-10.49131,0.01100,-10.30431,0.01310,Maidanak
53741.22209,-11.15328,0.01073,-10.43941,0.01073,-10.50954,0.01073,-10.29649,0.01073,Euler
53747.16408,-11.12567,0.01285,-10.41751,0.01285,-10.49534,0.01285,-10.28327,0.01285,Euler
53757.13190,-11.12882,0.00983,-10.41445,0.00983,-10.49287,0.00983,-10.29255,0.00983,Euler
53757.17900,-11.12051,0.00740,-10.43651,0.00870,-10.46921,0.00680,-10.29811,0.00930,Maidanak
53765.09626,-11.12733,0.01119,-10.43403,0.01119,-10.48635,0.01119,-10.28609,0.01119,Euler
53771.12935,-11.10201,0.01388,-10.42545,0.01388,-10.47692,0.01388,-10.28101,0.01388,Euler
53774.11300,-11.11031,0.02710,-10.46831,0.02720,-10.47671,0.02580,-10.30651,0.02710,Maidanak
53782.08195,-11.09797,0.01436,-10.42379,0.01436,-10.47437,0.01436,-10.28870,0.01436,Euler
53787.05467,-11.10877,0.02055,-10.39659,0.02055,-10.44948,0.02055,-10.26367,0.02055,Euler
53795.04422,-11.12400,0.01377,-10.39099,0.01377,-10.48231,0.01377,-10.22961,0.01377,Euler
53800.04283,-11.12187,0.01326,-10.39211,0.01326,-10.46416,0.01326,-10.22987,0.01326,Euler
53806.03726,-11.11606,0.01759,-10.37104,0.01759,-10.50367,0.01759,-10.25010,0.01759,Euler
53813.00038,-11.15134,0.01224,-10.37473,0.01224,-10.50155,0.01224,-10.24413,0.01224,Euler
53819.01594,-11.15808,0.01221,-10.41523,0.01221,-10.49846,0.01221,-10.26501,0.01221,Euler
53820.00092,-11.14832,0.00957,-10.40774,0.00957,-10.48849,0.00957,-10.26441,0.00957,Euler
53821.00252,-11.15636,0.01029,-10.42477,0.01029,-10.49269,0.01029,-10.28237,0.01029,Euler
53828.98741,-11.17364,0.01745,-10.42509,0.01745,-10.52523,0.01745,-10.31371,0.01745,Euler
53830.99489,-11.18592,0.01577,-10.46395,0.01577,-10.49526,0.01577,-10.29386,0.01577,Euler
53839.98290,-11.16819,0.01306,-10.43088,0.01306,-10.49198,0.01306,-10.34703,0.01306,Euler
53843.98486,-11.16811,0.02979,-10.44493,0.02979,-10.49368,0.02979,-10.36113,0.02979,Euler
53846.97349,-11.16510,0.01742,-10.43106,0.01742,-10.51220,0.01742,-10.35970,0.01742,Euler
53848.96871,-11.15058,0.01943,-10.39482,0.01943,-10.53743,0.01943,-10.35463,0.01943,Euler
53945.40353,-11.11016,0.02973,-10.40773,0.02973,-10.44034,0.02973,-10.25372,0.02973,Euler
53950.42049,-11.10043,0.02113,-10.38128,0.02113,-10.43522,0.02113,-10.26295,0.02113,Euler
53970.35555,-11.13320,0.01680,-10.40514,0.01680,-10.47421,0.01680,-10.22104,0.01680,Euler
53977.21159,-11.14264,0.00974,-10.39018,0.00974,-10.46135,0.00974,-10.20919,0.00974,Mercator
53978.20293,-11.12895,0.01053,-10.37482,0.01053,-10.45280,0.01053,-10.20425,0.01053,Mercator
53979.21310,-11.13739,0.01461,-10.38350,0.01461,-10.45293,0.01461,-10.21712,0.01461,Mercator
53979.31711,-11.17828,0.01627,-10.40372,0.01627,-10.45225,0.01627,-10.24645,0.01627,Euler
53980.21039,-11.15015,0.02013,-10.32115,0.02013,-10.46339,0.02013,-10.21282,0.02013,Mercator
53980.29950,-11.15280,0.02135,-10.43510,0.02135,-10.47548,0.02135,-10.24818,0.02135,Euler
53981.33663,-11.15116,0.01682,-10.42704,0.01682,-10.47479,0.01682,-10.26373,0.01682,Euler
53982.30262,-11.15005,0.02681,-10.42234,0.02681,-10.45017,0.02681,-10.24973,0.02681,Euler
53985.21193,-11.12606,0.01236,-10.38705,0.01236,-10.45222,0.01236,-10.25219,0.01236,Mercator
53994.25261,-11.15806,0.02830,-10.37036,0.02830,-10.46221,0.02830,-10.24007,0.02830,Euler
53999.24960,-11.14611,0.01767,-10.40222,0.01767,-10.46477,0.01767,-10.23852,0.01767,Euler
54003.38310,-11.13896,0.01539,-10.41593,0.01539,-10.47684,0.01539,-10.23430,0.01539,Euler
54008.31079,-11.15060,0.01777,-10.40943,0.01777,-10.46887,0.01777,-10.22932,0.01777,Euler
54016.47700,-11.17121,0.03040,-10.43451,0.03610,-10.46351,0.03520,-10.27101,0.03730,Maidanak
54020.45400,-11.18461,0.01900,-10.43901,0.01940,-10.49581,0.02350,-10.26391,0.02060,Maidanak
54021.28853,-11.15685,0.00716,-10.40490,0.00716,-10.48976,0.00716,-10.26971,0.00716,Euler
54023.34097,-11.16822,0.00718,-10.38896,0.00718,-10.48975,0.00718,-10.27600,0.00718,Euler
54024.27660,-11.16405,0.00841,-10.41530,0.00841,-10.48785,0.00841,-10.26456,0.00841,Euler
54025.23851,-11.15806,0.00538,-10.43019,0.00538,-10.48388,0.00538,-10.28224,0.00538,Euler
54027.28492,-11.14538,0.00920,-10.41605,0.00920,-10.49669,0.00920,-10.28894,0.00920,Euler
54028.27393,-11.14996,0.01075,-10.40851,0.01075,-10.49201,0.01075,-10.26401,0.01075,Euler
54036.19386,-11.12493,0.00880,-10.40846,0.00880,-10.46165,0.00880,-10.26615,0.00880,Euler
54039.17054,-11.12372,0.01095,-10.36663,0.01095,-10.47800,0.01095,-10.26516,0.01095,Euler
54039.41300,-11.11131,0.01880,-10.41161,0.02030,-10.43311,0.02000,-10.26621,0.01920,Maidanak
54041.40800,-11.11861,0.01710,-10.44101,0.01790,-10.46431,0.01780,-10.28191,0.02010,Maidanak
54042.13861,-11.10329,0.00688,-10.40542,0.00688,-10.43380,0.00688,-10.24771,0.00688,Euler
54046.33752,-11.12016,0.01193,-10.39033,0.01193,-10.44641,0.01193,-10.23840,0.01193,Euler
54057.31480,-11.13807,0.01195,-10.38198,0.01195,-10.47201,0.01195,-10.22559,0.01195,Euler
54057.37600,-11.10071,0.02160,-10.39711,0.03590,-10.43531,0.01850,-10.18481,0.00920,Maidanak
54061.19791,-11.11427,0.00831,-10.39282,0.00831,-10.44844,0.00831,-10.24401,0.00831,Euler
54065.19147,-11.11116,0.01111,-10.38094,0.01111,-10.45881,0.01111,-10.25160,0.01111,Euler
54074.03511,-11.09754,0.00965,-10.41672,0.00965,-10.41736,0.00965,-10.22302,0.00965,Mercator
54076.04192,-11.11479,0.01154,-10.39264,0.01154,-10.46853,0.01154,-10.25776,0.01154,Mercator
54076.21152,-11.11157,0.01208,-10.36555,0.01208,-10.44211,0.01208,-10.24608,0.01208,Euler
54082.14627,-11.09541,0.00712,-10.37802,0.00712,-10.44821,0.00712,-10.23531,0.00712,Euler
54083.03306,-11.11291,0.00713,-10.37547,0.00713,-10.44336,0.00713,-10.24028,0.00713,Mercator
54084.21023,-11.11092,0.01078,-10.35096,0.01078,-10.44052,0.01078,-10.22090,0.01078,Euler
54085.93740,-11.10624,0.00837,-10.34589,0.00837,-10.43425,0.00837,-10.23086,0.00837,Mercator
54087.18085,-11.10509,0.01448,-10.36960,0.01448,-10.44047,0.01448,-10.22925,0.01448,Euler
54089.23739,-11.09878,0.01070,-10.38576,0.01070,-10.44479,0.01070,-10.20757,0.01070,Euler
54091.20040,-11.09372,0.00744,-10.37948,0.00744,-10.43171,0.00744,-10.21725,0.00744,Euler
54097.17908,-11.09382,0.00788,-10.35344,0.00788,-10.42478,0.00788,-10.20413,0.00788,Euler
54105.19268,-11.08729,0.00826,-10.33016,0.00826,-10.39465,0.00826,-10.17633,0.00826,Euler
54111.13599,-11.10641,0.00660,-10.34117,0.00660,-10.43806,0.00660,-10.19142,0.00660,Euler
54118.22789,-11.14672,0.01227,-10.35593,0.01227,-10.44987,0.01227,-10.18959,0.01227,Euler
54120.22100,-11.16011,0.00450,-10.36301,0.00970,-10.45301,0.01480,-10.18321,0.00290,Maidanak
54121.20100,-11.14971,0.00970,-10.35471,0.01160,-10.44281,0.01570,-10.17561,0.01290,Maidanak
54122.14563,-11.16164,0.00760,-10.36840,0.00760,-10.46944,0.00760,-10.18357,0.00760,Euler
54125.22237,-11.16529,0.00980,-10.38937,0.00980,-10.45316,0.00980,-10.20302,0.00980,Euler
54129.17200,-11.16091,0.00520,-10.38151,0.01050,-10.46111,0.00480,-10.18351,0.01460,Maidanak
54131.15092,-11.17389,0.00915,-10.35588,0.00915,-10.46303,0.00915,-10.22092,0.00915,Euler
54135.04468,-11.19350,0.00927,-10.33460,0.00927,-10.46546,0.00927,-10.22483,0.00927,Euler
54139.87781,-11.17362,0.00611,-10.37908,0.00611,-10.47114,0.00611,-10.21724,0.00611,Mercator
54140.11499,-11.18250,0.00797,-10.38360,0.00797,-10.45843,0.00797,-10.21920,0.00797,Euler
54140.92242,-11.18349,0.00687,-10.36934,0.00687,-10.48159,0.00687,-10.22649,0.00687,Mercator
54142.85932,-11.18264,0.00663,-10.39242,0.00663,-10.48535,0.00663,-10.23961,0.00663,Mercator
54145.84595,-11.19021,0.00985,-10.38864,0.00985,-10.49066,0.00985,-10.25274,0.00985,Mercator
54150.11713,-11.19846,0.01239,-10.41947,0.01239,-10.48321,0.01239,-10.25370,0.01239,Euler
54161.07355,-11.22891,0.00968,-10.40429,0.00968,-10.49831,0.00968,-10.23515,0.00968,Euler
54164.04969,-11.22936,0.00654,-10.40622,0.00654,-10.49354,0.00654,-10.24768,0.00654,Euler
54166.84224,-11.24237,0.00420,-10.40066,0.00420,-10.49786,0.00420,-10.25756,0.00420,Mercator
54169.06257,-11.24666,0.00672,-10.40889,0.00672,-10.48944,0.00672,-10.23279,0.00672,Euler
54170.88413,-11.23309,0.00987,-10.42464,0.00987,-10.48888,0.00987,-10.25168,0.00987,Mercator
54174.02428,-11.25298,0.00574,-10.40205,0.00574,-10.49509,0.00574,-10.27638,0.00574,Euler
54174.86499,-11.26712,0.01269,-10.39234,0.01269,-10.51694,0.01269,-10.25858,0.01269,Mercator
54179.00895,-11.27369,0.00921,-10.39958,0.00921,-10.51303,0.00921,-10.28701,0.00921,Euler
54190.98989,-11.24530,0.00718,-10.38669,0.00718,-10.51375,0.00718,-10.29283,0.00718,Euler
54196.98314,-11.25871,0.00490,-10.39593,0.00490,-10.49451,0.00490,-10.26994,0.00490,Euler
54201.99928,-11.30756,0.01098,-10.34591,0.01098,-10.53638,0.01098,-10.27142,0.01098,Euler
54202.97402,-11.27566,0.01404,-10.41736,0.01404,-10.52054,0.01404,-10.27257,0.01404,Euler
54204.97841,-11.29272,0.01292,-10.43363,0.01292,-10.52821,0.01292,-10.28890,0.01292,Euler
54316.37082,-11.30972,0.01542,-10.44064,0.01542,-10.57391,0.01542,-10.34975,0.01542,Euler
54329.42262,-11.27645,0.02494,-10.43417,0.02494,-10.55871,0.02494,-10.34692,0.02494,Euler
54337.22102,-11.25565,0.00822,-10.43892,0.00822,-10.52250,0.00822,-10.32949,0.00822,Mercator
54338.41064,-11.26658,0.01157,-10.42854,0.01157,-10.53381,0.01157,-10.37162,0.01157,Euler
54339.24102,-11.23970,0.01202,-10.41678,0.01202,-10.51098,0.01202,-10.27200,0.01202,Mercator
54342.37113,-11.24602,0.01161,-10.44281,0.01161,-10.54254,0.01161,-10.30046,0.01161,Euler
54343.24589,-11.23468,0.01211,-10.43641,0.01211,-10.51997,0.01211,-10.28056,0.01211,Mercator
54347.39140,-11.23281,0.01190,-10.43278,0.01190,-10.53031,0.01190,-10.32540,0.01190,Euler
54349.20447,-11.20408,0.01027,-10.42063,0.01027,-10.51190,0.01027,-10.28313,0.01027,Mercator
54352.21953,-11.17670,0.00743,-10.42418,0.00743,-10.50930,0.00743,-10.29436,0.00743,Mercator
54354.22740,-11.16768,0.01133,-10.42941,0.01133,-10.50212,0.01133,-10.29074,0.01133,Mercator
54354.36500,-11.19532,0.00940,-10.42021,0.00940,-10.49615,0.00940,-10.32833,0.00940,Euler
54357.17056,-11.18473,0.00571,-10.40833,0.00571,-10.50315,0.00571,-10.28077,0.00571,Mercator
54358.19606,-11.17556,0.00611,-10.40395,0.00611,-10.50915,0.00611,-10.28043,0.00611,Mercator
54360.24470,-11.15226,0.00952,-10.41164,0.00952,-10.49846,0.00952,-10.26683,0.00952,Mercator
54362.22798,-11.14286,0.00589,-10.39941,0.00589,-10.48391,0.00589,-10.27725,0.00589,Mercator
54367.38699,-11.13521,0.01270,-10.40228,0.01270,-10.48736,0.01270,-10.27852,0.01270,Euler
54369.31664,-11.13118,0.01180,-10.40690,0.01180,-10.46415,0.01180,-10.24361,0.01180,Euler
54371.36423,-11.10503,0.01480,-10.39420,0.01480,-10.45754,0.01480,-10.27322,0.01480,Euler
54372.11659,-11.09344,0.01091,-10.39986,0.01091,-10.43509,0.01091,-10.25354,0.01091,Mercator
54373.16500,-11.10553,0.01244,-10.37446,0.01244,-10.47293,0.01244,-10.27072,0.01244,Mercator
54374.18332,-11.09763,0.00899,-10.39067,0.00899,-10.46665,0.00899,-10.22428,0.00899,Mercator
54377.22409,-11.09861,0.00793,-10.38222,0.00793,-10.45318,0.00793,-10.25544,0.00793,Mercator
54380.36178,-11.09658,0.01150,-10.38702,0.01150,-10.46931,0.01150,-10.24365,0.01150,Euler
54386.26759,-11.08772,0.00939,-10.38817,0.00939,-10.44957,0.00939,-10.23182,0.00939,Euler
54390.33828,-11.07908,0.01233,-10.34843,0.01233,-10.44550,0.01233,-10.23261,0.01233,Euler
54393.15722,-11.06036,0.01465,-10.37119,0.01465,-10.44242,0.01465,-10.27974,0.01465,Euler
54394.15847,-11.03316,0.00804,-10.35065,0.00804,-10.42182,0.00804,-10.20858,0.00804,Mercator
54398.36339,-11.02903,0.01585,-10.34817,0.01585,-10.44949,0.01585,-10.20493,0.01585,Euler
54402.14803,-11.04616,0.01696,-10.38793,0.01696,-10.41289,0.01696,-10.16745,0.01696,Euler
54411.30270,-11.07870,0.00652,-10.34124,0.00652,-10.42740,0.00652,-10.19028,0.00652,Euler
54413.09414,-11.09523,0.00876,-10.33832,0.00876,-10.43536,0.00876,-10.16977,0.00876,Mercator
54415.18684,-11.08429,0.00564,-10.34251,0.00564,-10.43512,0.00564,-10.16543,0.00564,Euler
54419.33112,-11.06485,0.00710,-10.35466,0.00710,-10.42628,0.00710,-10.18744,0.00710,Euler
54422.07872,-11.03921,0.00841,-10.36540,0.00841,-10.43835,0.00841,-10.16277,0.00841,Mercator
54423.16313,-11.02754,0.01095,-10.36292,0.01095,-10.43416,0.01095,-10.18815,0.01095,Euler
54431.08337,-11.02642,0.01700,-10.38388,0.01700,-10.42288,0.01700,-10.21969,0.01700,Mercator
54432.22307,-11.05149,0.01401,-10.31523,0.01401,-10.41802,0.01401,-10.17630,0.01401,Euler
54436.06121,-11.03959,0.01115,-10.30944,0.01115,-10.45963,0.01115,-10.18337,0.01115,Mercator
54437.06197,-11.04813,0.00856,-10.34056,0.00856,-10.42974,0.00856,-10.18805,0.00856,Mercator
54437.18511,-11.04770,0.01030,-10.31601,0.01030,-10.42328,0.01030,-10.20048,0.01030,Euler
54439.04001,-11.04319,0.00927,-10.34372,0.00927,-10.43290,0.00927,-10.17626,0.00927,Mercator
54444.28880,-11.05551,0.00678,-10.34525,0.00678,-10.44117,0.00678,-10.14181,0.00678,Euler
54448.11754,-11.05397,0.00542,-10.31934,0.00542,-10.44396,0.00542,-10.16649,0.00542,Euler
54451.16200,-11.05421,0.00798,-10.32584,0.00798,-10.43789,0.00798,-10.15921,0.00798,Euler
54462.22039,-10.99441,0.00626,-10.34591,0.00626,-10.44278,0.00626,-10.18809,0.00626,Euler
54469.16468,-11.00280,0.00523,-10.32161,0.00523,-10.41515,0.00523,-10.19742,0.00523,Euler
54480.96220,-10.96269,0.00400,-10.31782,0.00400,-10.40962,0.00400,-10.16768,0.00400,Mercator
54481.14001,-10.96487,0.00732,-10.33167,0.00732,-10.39120,0.00732,-10.16073,0.00732,Euler
54490.90479,-10.95485,0.00907,-10.32808,0.00907,-10.40147,0.00907,-10.16287,0.00907,Mercator
54492.13849,-10.94579,0.00938,-10.30619,0.00938,-10.40592,0.00938,-10.13518,0.00938,Euler
54493.85851,-10.95055,0.01080,-10.29863,0.01080,-10.44829,0.01080,-10.16394,0.01080,Mercator
54501.14407,-10.92712,0.01124,-10.30273,0.01124,-10.39145,0.01124,-10.15520,0.01124,Euler
54505.10700,-10.92254,0.00683,-10.30011,0.00683,-10.39347,0.00683,-10.12946,0.00683,Euler
54509.13135,-10.92471,0.00990,-10.31362,0.00990,-10.40271,0.00990,-10.13727,0.00990,Euler
54511.06164,-10.89815,0.00942,-10.30925,0.00942,-10.37507,0.00942,-10.13253,0.00942,Euler
54516.12593,-10.91286,0.00860,-10.27617,0.00860,-10.39210,0.00860,-10.12863,0.00860,Euler
54518.07185,-10.91918,0.00914,-10.32751,0.00914,-10.40113,0.00914,-10.15873,0.00914,Euler
54520.05323,-10.92932,0.00997,-10.26620,0.00997,-10.40924,0.00997,-10.13396,0.00997,Euler
54522.09024,-10.94201,0.01389,-10.28217,0.01389,-10.39055,0.01389,-10.11093,0.01389,Euler
54524.04200,-10.95623,0.00762,-10.27927,0.00762,-10.42592,0.00762,-10.13719,0.00762,Euler
54528.05958,-10.96089,0.00659,-10.28184,0.00659,-10.42841,0.00659,-10.12169,0.00659,Euler
54537.03197,-10.94217,0.00888,-10.35079,0.00888,-10.44124,0.00888,-10.15022,0.00888,Euler
54539.01182,-10.93696,0.00538,-10.34722,0.00538,-10.42428,0.00538,-10.13555,0.00538,Euler
54541.02193,-10.93826,0.01116,-10.35275,0.01116,-10.42563,0.01116,-10.15187,0.01116,Euler
54542.01727,-10.93727,0.01283,-10.33958,0.01283,-10.44586,0.01283,-10.16900,0.01283,Euler
54544.02788,-10.97991,0.00919,-10.31013,0.00919,-10.44362,0.00919,-10.18314,0.00919,Euler
54545.01103,-10.93710,0.00922,-10.36297,0.00922,-10.44329,0.00922,-10.16387,0.00922,Euler
54547.01323,-10.92978,0.01209,-10.39977,0.01209,-10.44226,0.01209,-10.16395,0.01209,Euler
54548.01688,-10.94234,0.01240,-10.37470,0.01240,-10.43734,0.01240,-10.20392,0.01240,Euler
54549.00772,-10.97512,0.01094,-10.33926,0.01094,-10.41572,0.01094,-10.17971,0.01094,Euler
54551.02723,-10.95426,0.01102,-10.33146,0.01102,-10.41899,0.01102,-10.19759,0.01102,Euler
54557.00847,-10.94382,0.01041,-10.33162,0.01041,-10.43616,0.01041,-10.18856,0.01041,Euler
54674.42005,-10.86746,0.01091,-10.29632,0.01091,-10.35200,0.01091,-10.11249,0.01091,Euler
54682.41814,-10.82817,0.01055,-10.27406,0.01055,-10.36487,0.01055,-10.11731,0.01055,Euler
54687.39748,-10.82463,0.01354,-10.25919,0.01354,-10.36373,0.01354,-10.14151,0.01354,Euler
54691.23115,-10.82092,0.01263,-10.26569,0.01263,-10.36412,0.01263,-10.07531,0.01263,Mercator
54694.39555,-10.81307,0.01031,-10.25861,0.01031,-10.36806,0.01031,-10.05942,0.01031,Euler
54703.20738,-10.83959,0.01263,-10.28364,0.01263,-10.40004,0.01263,-10.10199,0.01263,Mercator
54707.19347,-10.84498,0.00935,-10.29623,0.00935,-10.38826,0.00935,-10.12604,0.00935,Mercator
54707.37684,-10.85398,0.01111,-10.28480,0.01111,-10.41079,0.01111,-10.07970,0.01111,Euler
54708.24012,-10.83007,0.01398,-10.27602,0.01398,-10.37842,0.01398,-10.09398,0.01398,Mercator
54711.23501,-10.86674,0.00865,-10.28233,0.00865,-10.39473,0.00865,-10.11697,0.00865,Mercator
54712.22811,-10.84306,0.00923,-10.30743,0.00923,-10.39672,0.00923,-10.11102,0.00923,Mercator
54713.23850,-10.83884,0.01111,-10.28662,0.01111,-10.40710,0.01111,-10.13765,0.01111,Mercator
54716.27078,-10.84613,0.01119,-10.27563,0.01119,-10.37962,0.01119,-10.13413,0.01119,Euler
54719.23782,-10.84015,0.01009,-10.29257,0.01009,-10.39240,0.01009,-10.12062,0.01009,Mercator
54720.23771,-10.85627,0.00962,-10.29503,0.00962,-10.41047,0.00962,-10.17986,0.00962,Mercator
54722.23177,-10.84172,0.01092,-10.31483,0.01092,-10.36323,0.01092,-10.14448,0.01092,Mercator
54726.28038,-10.82911,0.01716,-10.26402,0.01716,-10.44516,0.01716,-10.11635,0.01716,Euler
54752.16209,-10.83216,0.01325,-10.25828,0.01325,-10.40239,0.01325,-10.12893,0.01325,Mercator
54755.22520,-10.78347,0.01570,-10.30528,0.01570,-10.39275,0.01570,-10.14317,0.01570,Euler
54759.29647,-10.80198,0.00914,-10.29427,0.00914,-10.35358,0.00914,-10.12510,0.00914,Euler
54765.34653,-10.77770,0.00978,-10.27918,0.00978,-10.35880,0.00978,-10.11682,0.00978,Euler
54771.34175,-10.78426,0.01501,-10.28673,0.01501,-10.32668,0.01501,-10.11009,0.01501,Euler
54775.31891,-10.77927,0.00724,-10.23658,0.00724,-10.36758,0.00724,-10.10272,0.00724,Euler
54777.10729,-10.78801,0.00574,-10.26574,0.00574,-10.35944,0.00574,-10.08863,0.00574,Mercator
54778.14924,-10.77038,0.01412,-10.24200,0.01412,-10.34187,0.01412,-10.09382,0.01412,Mercator
54780.17649,-10.79352,0.01124,-10.24480,0.01124,-10.33242,0.01124,-10.10898,0.01124,Euler
54786.12930,-10.77126,0.00502,-10.27568,0.00502,-10.30076,0.00502,-10.08147,0.00502,Mercator
54789.17791,-10.77077,0.00743,-10.25029,0.00743,-10.32572,0.00743,-10.10351,0.00743,Mercator
54798.03084,-10.75078,0.00562,-10.26376,0.00562,-10.34969,0.00562,-10.08057,0.00562,Mercator
54813.99256,-10.75145,0.00898,-10.25218,0.00898,-10.39585,0.00898,-10.10037,0.00898,Mercator
54814.09930,-10.75241,0.00951,-10.26739,0.00951,-10.32147,0.00951,-10.05272,0.00951,Euler
54817.13969,-10.74364,0.01219,-10.25074,0.01219,-10.35258,0.01219,-10.06748,0.01219,Euler
54821.04419,-10.74330,0.00784,-10.25833,0.00784,-10.32573,0.00784,-10.06571,0.00784,Mercator
54823.16930,-10.70118,0.00623,-10.22108,0.00623,-10.31480,0.00623,-10.04637,0.00623,Euler
54828.22187,-10.70458,0.00801,-10.24404,0.00801,-10.26566,0.00801,-10.04319,0.00801,Euler
54837.14161,-10.67726,0.01014,-10.20132,0.01014,-10.26627,0.01014,-10.01116,0.01014,Euler
54841.11821,-10.64987,0.01069,-10.17113,0.01069,-10.24931,0.01069,-9.94864,0.01069,Euler
54849.14578,-10.63820,0.00887,-10.17730,0.00887,-10.23978,0.00887,-9.93361,0.00887,Euler
54858.13268,-10.60632,0.00941,-10.14187,0.00941,-10.20281,0.00941,-9.95521,0.00941,Euler
54863.15705,-10.62932,0.01039,-10.12619,0.01039,-10.18852,0.01039,-9.94242,0.01039,Euler
54867.10437,-10.59124,0.00838,-10.11835,0.00838,-10.19639,0.00838,-9.90930,0.00838,Euler
54869.08359,-10.60902,0.01579,-10.13046,0.01579,-10.16459,0.01579,-9.97062,0.01579,Euler
54871.06374,-10.57218,0.01251,-10.10032,0.01251,-10.18773,0.01251,-9.91297,0.01251,Euler
54873.09236,-10.57266,0.01408,-10.10251,0.01408,-10.20154,0.01408,-9.87814,0.01408,Euler
54875.09395,-10.57702,0.01166,-10.10911,0.01166,-10.18843,0.01166,-9.84233,0.01166,Euler
54876.10940,-10.56463,0.00992,-10.09608,0.00992,-10.18513,0.00992,-9.87075,0.00992,Euler
54878.08210,-10.57148,0.01190,-10.09298,0.01190,-10.20670,0.01190,-9.87700,0.01190,Euler
54883.07293,-10.57415,0.00857,-10.10187,0.00857,-10.17525,0.00857,-9.87994,0.00857,Euler
54888.06993,-10.59817,0.00811,-10.08330,0.00811,-10.16216,0.00811,-9.86838,0.00811,Euler
54893.03845,-10.58489,0.01121,-10.07984,0.01121,-10.13283,0.01121,-9.85383,0.01121,Euler
54899.04479,-10.55324,0.01391,-10.04083,0.01391,-10.16449,0.01391,-9.91131,0.01391,Euler
54900.04433,-10.54976,0.00943,-10.08243,0.00943,-10.10186,0.00943,-9.81672,0.00943,Euler
54901.01906,-10.51924,0.00991,-10.12555,0.00991,-10.19810,0.00991,-9.76836,0.00991,Euler
54902.01491,-10.55134,0.01273,-9.99966,0.01273,-10.13260,0.01273,-9.84696,0.01273,Euler
54903.00796,-10.55198,0.00828,-10.09858,0.00828,-10.11204,0.00828,-9.81827,0.00828,Euler
54904.00366,-10.55496,0.00817,-10.04438,0.00817,-10.14405,0.00817,-9.86375,0.00817,Euler
54905.00924,-10.55054,0.01023,-10.03433,0.01023,-10.13056,0.01023,-9.87049,0.01023,Euler
54906.00387,-10.61258,0.04086,-10.04380,0.04086,-10.12799,0.04086,-9.78044,0.04086,Euler
54908.00181,-10.51365,0.01082,-10.05335,0.01082,-10.13371,0.01082,-9.83029,0.01082,Euler
54909.00190,-10.49996,0.01660,-10.06069,0.01660,-10.17060,0.01660,-9.78982,0.01660,Euler
54914.02142,-10.53873,0.02717,-10.04987,0.02717,-10.09535,0.02717,-9.84060,0.02717,Euler
54918.99076,-10.52264,0.00996,-10.01217,0.00996,-10.11641,0.00996,-9.78924,0.00996,Euler
54924.98453,-10.51116,0.00953,-10.00774,0.00953,-10.07567,0.00953,-9.81949,0.00953,Euler
54926.97940,-10.51071,0.02237,-9.99198,0.02237,-10.15201,0.02237,-9.75475,0.02237,Euler
55042.41694,-10.51988,0.01267,-10.08670,0.01267,-10.12789,0.01267,-9.80036,0.01267,Euler
55047.42516,-10.51629,0.01177,-10.04643,0.01177,-10.10576,0.01177,-9.82569,0.01177,Euler
55053.42560,-10.52049,0.01478,-10.06354,0.01478,-10.12492,0.01478,-9.83242,0.01478,Euler
55057.43324,-10.51428,0.03203,-10.03108,0.03203,-10.13072,0.03203,-9.82331,0.03203,Euler
55064.41948,-10.51925,0.01019,-10.04183,0.01019,-10.12710,0.01019,-9.80953,0.01019,Euler
55068.36047,-10.49590,0.00864,-10.03823,0.00864,-10.14092,0.00864,-9.85366,0.00864,Euler
55073.40228,-10.49463,0.01119,-10.02115,0.01119,-10.14316,0.01119,-9.84531,0.01119,Euler
55082.40393,-10.47856,0.01058,-10.03916,0.01058,-10.06055,0.01058,-9.80309,0.01058,Euler
55098.36612,-10.46887,0.01056,-10.03041,0.01056,-10.12228,0.01056,-9.80664,0.01056,Euler
55111.34625,-10.46216,0.00809,-10.01834,0.00809,-10.10324,0.00809,-9.75404,0.00809,Euler
55115.36121,-10.45819,0.00914,-9.97455,0.00914,-10.10721,0.00914,-9.79511,0.00914,Euler
55121.32513,-10.50039,0.00772,-10.05695,0.00772,-10.06468,0.00772,-9.77568,0.00772,Euler
55123.32088,-10.48594,0.01217,-10.01761,0.01217,-10.08666,0.01217,-9.78035,0.01217,Euler
55127.29711,-10.46129,0.01147,-10.00468,0.01147,-10.10282,0.01147,-9.77146,0.01147,Euler
55131.29346,-10.45554,0.01409,-10.02154,0.01409,-10.06990,0.01409,-9.76684,0.01409,Euler
55159.30307,-10.41444,0.00458,-9.92917,0.00458,-10.02673,0.00458,-9.73018,0.00458,Euler
55163.33117,-10.40664,0.00660,-10.01971,0.00660,-10.01097,0.00660,-9.68037,0.00660,Euler
55167.30887,-10.44233,0.01105,-9.91255,0.01105,-10.04204,0.01105,-9.67543,0.01105,Euler
55172.20396,-10.40866,0.00887,-9.91937,0.00887,-10.00989,0.00887,-9.71080,0.00887,Euler
55173.22021,-10.41992,0.00640,-9.93804,0.00640,-10.00300,0.00640,-9.69189,0.00640,Euler
55175.19541,-10.38353,0.00643,-9.95020,0.00643,-10.02734,0.00643,-9.70609,0.00643,Euler
55181.14313,-10.39084,0.00744,-9.91892,0.00744,-10.02344,0.00744,-9.68472,0.00744,Euler
55183.20161,-10.40358,0.00584,-9.94623,0.00584,-10.01087,0.00584,-9.69137,0.00584,Euler
55187.21136,-10.40740,0.00876,-9.92969,0.00876,-10.00699,0.00876,-9.67997,0.00876,Euler
55191.19402,-10.39811,0.00695,-9.95063,0.00695,-10.02431,0.00695,-9.69197,0.00695,Euler
55195.13607,-10.38470,0.01161,-9.92358,0.01161,-10.02148,0.01161,-9.68539,0.01161,Euler
55203.13993,-10.40817,0.00586,-9.92453,0.00586,-9.99890,0.00586,-9.68677,0.00586,Euler
55211.18152,-10.42894,0.00710,-9.94441,0.00710,-10.04842,0.00710,-9.70440,0.00710,Euler
55215.17375,-10.43510,0.00709,-9.93747,0.00709,-10.05669,0.00709,-9.75628,0.00709,Euler
55226.14441,-10.43793,0.01435,-10.01574,0.01435,-10.03302,0.01435,-9.75421,0.01435,Euler
55231.10606,-10.45360,0.00678,-9.97940,0.00678,-10.07563,0.00678,-9.75595,0.00678,Euler
55235.12635,-10.44892,0.00583,-9.99556,0.00583,-10.09458,0.00583,-9.75181,0.00583,Euler
55239.09930,-10.44127,0.00767,-10.00846,0.00767,-10.10007,0.00767,-9.78303,0.00767,Euler
55243.10319,-10.42541,0.00844,-10.01507,0.00844,-10.10140,0.00844,-9.77766,0.00844,Euler
55244.05383,-10.44135,0.00391,-10.02060,0.00391,-10.11357,0.00391,-9.79906,0.00391,Euler
55247.06030,-10.45882,0.00867,-9.96936,0.00867,-10.12500,0.00867,-9.77868,0.00867,Euler
55248.04830,-10.49325,0.00674,-9.96696,0.00674,-10.08917,0.00674,-9.81088,0.00674,Euler
55249.04896,-10.46572,0.01477,-9.99070,0.01477,-10.10920,0.01477,-9.80529,0.01477,Euler
55250.04897,-10.47143,0.01001,-9.99259,0.01001,-10.12701,0.01001,-9.78281,0.01001,Euler
55252.05366,-10.44266,0.00880,-10.03097,0.00880,-10.09980,0.00880,-9.77241,0.00880,Euler
55253.05491,-10.44569,0.00553,-10.02864,0.00553,-10.10108,0.00553,-9.73690,0.00553,Euler
55254.04289,-10.45115,0.00737,-10.03463,0.00737,-10.09716,0.00737,-9.77206,0.00737,Euler
55255.04401,-10.45026,0.00991,-9.99980,0.00991,-10.11095,0.00991,-9.76745,0.00991,Euler
55256.04374,-10.43856,0.00962,-10.06091,0.00962,-10.13800,0.00962,-9.73884,0.00962,Euler
55259.03341,-10.46477,0.00725,-10.01466,0.00725,-10.09673,0.00725,-9.78881,0.00725,Euler
55263.03484,-10.44567,0.00818,-10.00285,0.00818,-10.10056,0.00818,-9.74930,0.00818,Euler
55267.04217,-10.45167,0.00622,-9.95432,0.00622,-10.07115,0.00622,-9.77171,0.00622,Euler
55271.00665,-10.40944,0.00676,-10.00557,0.00676,-10.08662,0.00676,-9.77980,0.00676,Euler
55272.00244,-10.45024,0.00948,-10.00376,0.00948,-10.05973,0.00948,-9.80568,0.00948,Euler
55274.00026,-10.43131,0.00983,-9.99258,0.00983,-10.10179,0.00983,-9.76134,0.00983,Euler
55274.99946,-10.44356,0.00845,-10.00873,0.00845,-10.09822,0.00845,-9.75062,0.00845,Euler
55275.99900,-10.43025,0.00804,-9.94403,0.00804,-10.10531,0.00804,-9.75284,0.00804,Euler
55278.99637,-10.47196,0.00731,-9.97089,0.00731,-10.07792,0.00731,-9.72902,0.00731,Euler
55279.99445,-10.42540,0.00960,-9.93760,0.00960,-10.08414,0.00960,-9.74721,0.00960,Euler
55281.99543,-10.42603,0.01053,-9.98605,0.01053,-10.09035,0.01053,-9.74775,0.01053,Euler
55282.99245,-10.42691,0.01065,-10.00115,0.01065,-10.07499,0.01065,-9.70810,0.01065,Euler
55283.99095,-10.44186,0.01297,-9.96090,0.01297,-10.06842,0.01297,-9.76979,0.01297,Euler
55284.98988,-10.44103,0.01174,-9.98796,0.01174,-10.08020,0.01174,-9.76748,0.01174,Euler
55290.98656,-10.42684,0.01099,-10.01723,0.01099,-10.05636,0.01099,-9.73317,0.01099,Euler
55294.98446,-10.45051,0.00985,-9.93279,0.00985,-10.04634,0.00985,-9.81402,0.00985,Euler
55462.39837,-10.48956,0.01554,-9.98360,0.01671,-10.12751,0.01252,-9.85536,0.02230,EulerCAM
55475.37982,-10.50743,0.00464,-10.00818,0.00401,-10.14562,0.00481,-9.78969,0.00726,EulerCAM
55485.24984,-10.49252,0.00309,-9.99910,0.00424,-10.13942,0.00517,-9.78260,0.00575,EulerCAM
55488.30863,-10.49243,0.00465,-9.98845,0.00533,-10.11502,0.00525,-9.76976,0.01639,EulerCAM
55492.31160,-10.49047,0.00408,-9.98555,0.00821,-10.12707,0.00856,-9.77650,0.00749,EulerCAM
55495.32051,-10.49179,0.00717,-9.98729,0.01175,-10.13202,0.01450,-9.78007,0.00782,EulerCAM
55503.24745,-10.47531,0.00758,-9.95903,0.00541,-10.12736,0.00402,-9.76570,0.00515,EulerCAM
55506.35993,-10.48177,0.00547,-9.95616,0.00705,-10.11575,0.00571,-9.76225,0.00632,EulerCAM
55509.29548,-10.47924,0.00677,-9.98059,0.00451,-10.12707,0.00497,-9.75107,0.00530,EulerCAM
55517.27225,-10.48128,0.00362,-9.97836,0.00948,-10.11456,0.00585,-9.75655,0.00571,EulerCAM
55522.31180,-10.47601,0.02052,-9.91952,0.01441,-10.06254,0.01269,-9.73020,0.05822,EulerCAM
55530.31050,-10.45455,0.00352,-9.95062,0.00917,-10.11706,0.01401,-9.71998,0.01044,EulerCAM
55539.13460,-10.45907,0.00717,-9.93222,0.01206,-10.08320,0.01672,-9.71500,0.01159,EulerCAM
55548.14859,-10.48069,0.00692,-9.93424,0.01294,-10.15526,0.01460,-9.71889,0.01185,EulerCAM
55555.19905,-10.49508,0.00504,-9.98364,0.00806,-10.17646,0.01149,-9.72469,0.01311,EulerCAM
55563.19483,-10.52393,0.00624,-10.01962,0.00437,-10.19170,0.00940,-9.73544,0.00861,EulerCAM
55569.18508,-10.53782,0.00596,-10.05532,0.00471,-10.22530,0.00563,-9.76771,0.00737,EulerCAM
55576.13576,-10.57439,0.00413,-10.04683,0.01187,-10.24309,0.00945,-9.83480,0.00743,EulerCAM
55586.05429,-10.57555,0.00471,-10.09075,0.00437,-10.24615,0.00392,-9.88581,0.01227,EulerCAM
55588.09643,-10.54915,0.00581,-10.10266,0.00921,-10.22333,0.00832,-9.85753,0.00818,EulerCAM
55597.09082,-10.52860,0.00484,-10.07238,0.00506,-10.20356,0.00598,-9.88627,0.00676,EulerCAM
55601.10373,-10.51418,0.00357,-10.02234,0.01270,-10.19639,0.01546,-9.86430,0.00534,EulerCAM
55612.02614,-10.52769,0.01014,-10.01204,0.00846,-10.19308,0.01456,-9.79397,0.01005,EulerCAM
55615.04878,-10.49155,0.00315,-10.02010,0.00421,-10.18669,0.00404,-9.79767,0.00655,EulerCAM
55638.00224,-10.53738,0.01483,-10.06390,0.02778,-10.24976,0.03267,-9.87897,0.02119,EulerCAM
55642.00153,-10.55957,0.01400,-10.09788,0.00800,-10.27066,0.01782,-9.87120,0.01375,EulerCAM
55646.01005,-10.56094,0.00825,-10.09391,0.01225,-10.24955,0.00570,-9.85807,0.00791,EulerCAM
55649.99769,-10.56762,0.00365,-10.07952,0.01785,-10.25259,0.01086,-9.84508,0.00638,EulerCAM
55655.01301,-10.57424,0.00521,-10.09065,0.03281,-10.19927,0.05000,-9.91134,0.03826,EulerCAM
55762.43134,-10.61787,0.00597,-10.11454,0.01832,-10.32517,0.01007,-9.95493,0.01112,EulerCAM
55770.43447,-10.63466,0.00654,-10.13862,0.01327,-10.32657,0.00683,-9.94282,0.00598,EulerCAM
55777.43162,-10.63534,0.01385,-10.13104,0.01031,-10.31947,0.00687,-9.97549,0.01004,EulerCAM
55783.42527,-10.62727,0.00471,-10.16146,0.01069,-10.32737,0.00441,-9.96225,0.00582,EulerCAM
55785.42355,-10.62324,0.00389,-10.15088,0.01078,-10.33007,0.01376,-9.93342,0.00645,EulerCAM
55795.41147,-10.61898,0.00686,-10.11090,0.01018,-10.32414,0.01416,-9.96256,0.01915,EulerCAM
55804.40343,-10.63874,0.01082,-10.14814,0.00396,-10.33179,0.00535,-9.94296,0.00450,EulerCAM
55809.40805,-10.62979,0.00407,-10.14863,0.00733,-10.29858,0.00403,-9.93224,0.00590,EulerCAM
55811.40955,-10.61349,0.01111,-10.14169,0.01452,-10.30526,0.02446,-9.95003,0.01116,EulerCAM
55815.34268,-10.57390,0.01657,-10.12146,0.00739,-10.30848,0.01291,-9.95700,0.01479,EulerCAM
55818.31860,-10.58910,0.01065,-10.13281,0.01601,-10.27215,0.00667,-9.92743,0.00860,EulerCAM
55822.31207,-10.58435,0.01322,-10.13074,0.00649,-10.26796,0.01541,-9.92113,0.00767,EulerCAM
55824.36971,-10.56157,0.00392,-10.11499,0.00636,-10.26586,0.00525,-9.95904,0.00596,EulerCAM
55827.39853,-10.58387,0.00856,-10.08909,0.00494,-10.25891,0.00571,-9.91591,0.00555,EulerCAM
55832.27746,-10.55516,0.00317,-10.07262,0.00821,-10.21450,0.00394,-9.88542,0.00486,EulerCAM
55834.39433,-10.56862,0.00605,-10.07244,0.01772,-10.24212,0.01349,-9.85972,0.01380,EulerCAM
55838.33038,-10.54739,0.00878,-10.07770,0.02414,-10.21551,0.01942,-9.83571,0.03382,EulerCAM
55839.26126,-10.55334,0.01035,-10.05537,0.02295,-10.25501,0.01059,-9.87631,0.00994,EulerCAM
55842.23875,-10.55184,0.00708,-10.06075,0.02062,-10.24058,0.01079,-9.82522,0.02160,EulerCAM
55845.29059,-10.57687,0.03814,-10.08527,0.01744,-10.22713,0.01966,-9.76741,0.02916,EulerCAM
55851.22712,-10.52943,0.00634,-10.03255,0.00725,-10.21349,0.01738,-9.86207,0.00834,EulerCAM
55853.22781,-10.53413,0.01363,-10.07222,0.01146,-10.17668,0.00572,-9.86161,0.00737,EulerCAM
55859.28965,-10.49486,0.00804,-10.02541,0.01168,-10.12840,0.00461,-9.82434,0.01035,EulerCAM
55861.31966,-10.50119,0.00386,-10.00521,0.01249,-10.14526,0.00719,-9.82960,0.00665,EulerCAM
55865.34297,-10.46873,0.01699,-10.01930,0.01450,-10.14862,0.00639,-9.80292,0.00626,EulerCAM
55869.16617,-10.47141,0.01423,-9.99141,0.01374,-10.14074,0.00909,-9.77238,0.01144,EulerCAM
55873.18050,-10.47746,0.01531,-9.97436,0.03069,-10.15250,0.01071,-9.75829,0.01793,EulerCAM
55881.22284,-10.47692,0.01020,-9.97087,0.00529,-10.14558,0.00937,-9.72846,0.01549,EulerCAM
55885.30899,-10.47576,0.00605,-9.98023,0.02253,-10.12859,0.01480,-9.71932,0.00895,EulerCAM
55887.19747,-10.47821,0.01399,-9.97202,0.01073,-10.12737,0.00480,-9.71803,0.01650,EulerCAM
55892.18471,-10.45661,0.01650,-9.98497,0.00484,-10.13084,0.00876,-9.72251,0.01339,EulerCAM
55897.20977,-10.44464,0.00834,-9.96009,0.01577,-10.09424,0.01678,-9.71140,0.00841,EulerCAM
55898.21078,-10.46048,0.00449,-9.96252,0.01247,-10.11092,0.01816,-9.70777,0.00886,EulerCAM
55901.23194,-10.43770,0.00815,-9.95367,0.00928,-10.09196,0.00795,-9.67968,0.01920,EulerCAM
55912.23740,-10.47332,0.00601,-9.97924,0.00505,-10.13679,0.01126,-9.73795,0.00974,EulerCAM
55916.21381,-10.45608,0.00463,-9.98016,0.00499,-10.10553,0.00386,-9.74152,0.00494,EulerCAM
55920.13095,-10.44820,0.00426,-9.94590,0.03893,-10.08598,0.00532,-9.74441,0.01129,EulerCAM
55922.25310,-10.44040,0.00389,-9.97090,0.00423,-10.09045,0.00479,-9.71432,0.00504,EulerCAM
55928.17432,-10.44575,0.00429,-9.92506,0.01360,-10.10802,0.00501,-9.73015,0.00664,EulerCAM
55931.17454,-10.44776,0.01203,-9.95814,0.01716,-10.08163,0.01726,-9.60184,0.01526,EulerCAM
55937.19549,-10.44764,0.00525,-9.94419,0.01212,-10.11143,0.00806,-9.68558,0.00974,EulerCAM
55940.20593,-10.43356,0.00434,-9.95088,0.01229,-10.08501,0.01125,-9.67114,0.01370,EulerCAM
55943.10372,-10.43615,0.00640,-9.93531,0.02319,-10.08423,0.00544,-9.71939,0.01611,EulerCAM
55951.07417,-10.43316,0.00405,-9.95660,0.00547,-10.10818,0.00495,-9.70248,0.01115,EulerCAM
55955.06964,-10.42007,0.00790,-9.95247,0.00566,-10.08969,0.00685,-9.69053,0.01867,EulerCAM
55959.06420,-10.42719,0.00650,-9.93182,0.00730,-10.04681,0.01108,-9.67750,0.01415,EulerCAM
55962.08478,-10.41040,0.00588,-9.92623,0.01168,-10.07018,0.00724,-9.66785,0.01018,EulerCAM
55966.06289,-10.39638,0.00539,-9.91326,0.01762,-10.06638,0.01010,-9.65406,0.00984,EulerCAM
55973.12234,-10.40577,0.00582,-9.92964,0.00482,-10.05110,0.00793,-9.65519,0.00586,EulerCAM
55978.08410,-10.39782,0.00831,-9.90388,0.01011,-10.05039,0.00444,-9.65582,0.00597,EulerCAM
55981.07142,-10.37796,0.00352,-9.90085,0.01038,-10.05055,0.00734,-9.63973,0.01167,EulerCAM
55985.08005,-10.39836,0.00387,-9.88964,0.01215,-10.05591,0.00489,-9.62904,0.01690,EulerCAM
55991.01775,-10.38666,0.01248,-9.87216,0.02517,-10.06210,0.01009,-9.62054,0.01483,EulerCAM
55995.01030,-10.37295,0.00723,-9.87120,0.01710,-10.01954,0.00975,-9.61845,0.01379,EulerCAM
55999.00807,-10.35672,0.00444,-9.87958,0.01809,-10.01450,0.00577,-9.60861,0.00823,EulerCAM
56003.00524,-10.36084,0.01100,-9.89578,0.01106,-9.98649,0.01455,-9.63644,0.00936,EulerCAM
56007.00559,-10.36322,0.00745,-9.84340,0.01111,-10.01216,0.00772,-9.60640,0.00658,EulerCAM
56011.00341,-10.36749,0.01348,-9.81981,0.02059,-10.00415,0.01108,-9.58289,0.04258,EulerCAM
56015.00400,-10.36955,0.00988,-9.87236,0.02304,-10.01399,0.01068,-9.56642,0.01039,EulerCAM
56133.43150,-10.50332,0.00543,-10.05378,0.02305,-10.19060,0.00807,-9.75601,0.00978,EulerCAM
56139.43383,-10.46730,0.00453,-10.01428,0.00767,-10.19274,0.00853,-9.75678,0.01068,EulerCAM
56151.39548,-10.47618,0.00524,-9.99974,0.02295,-10.15716,0.01495,-9.73525,0.03754,EulerCAM
56159.38021,-10.43983,0.00909,-10.00324,0.01270,-10.14092,0.00502,-9.72363,0.02018,EulerCAM
56165.41758,-10.40459,0.01003,-9.96637,0.01287,-10.14347,0.00851,-9.74265,0.01515,EulerCAM
56168.40740,-10.39019,0.01328,-9.96670,0.00980,-10.13870,0.01191,-9.72284,0.01209,EulerCAM
56181.40832,-10.37411,0.00474,-9.90951,0.00658,-10.05638,0.00595,-9.66996,0.03694,EulerCAM
56185.36230,-10.36476,0.00356,-9.90816,0.00732,-10.05963,0.00432,-9.64351,0.01027,EulerCAM
56190.38384,-10.35085,0.00451,-9.91744,0.01335,-10.03649,0.01277,-9.58732,0.00793,EulerCAM
56193.38165,-10.37211,0.00385,-9.88555,0.00948,-10.00900,0.01061,-9.64512,0.01086,EulerCAM
56208.38410,-10.31031,0.01880,-9.90251,0.01462,-10.01943,0.03265,-9.54572,0.04372,EulerCAM
56210.38042,-10.33493,0.00900,-9.86730,0.00543,-10.00643,0.00777,-9.56929,0.00683,EulerCAM
56214.37806,-10.35473,0.00909,-9.85881,0.01576,-10.04031,0.01049,-9.56415,0.02116,EulerCAM
56218.27785,-10.35374,0.00377,-9.85168,0.00549,-10.03099,0.01081,-9.51251,0.01671,EulerCAM
56222.30848,-10.39601,0.01395,-9.85452,0.02070,-10.03747,0.01778,-9.55215,0.02332,EulerCAM
56223.19990,-10.32043,0.00820,-9.84752,0.02356,-10.07544,0.00816,-9.58298,0.01163,EulerCAM
56224.36146,-10.34825,0.00730,-9.83100,0.01317,-10.02745,0.01968,-9.57153,0.00672,EulerCAM
56225.21208,-10.34913,0.00630,-9.86082,0.01330,-10.03084,0.01035,-9.56662,0.00859,EulerCAM
56229.34255,-10.39999,0.01741,-9.83832,0.01138,-10.00606,0.01918,-9.55276,0.01870,EulerCAM
56232.34344,-10.35686,0.01011,-9.88801,0.02022,-10.01991,0.01939,-9.55429,0.01298,EulerCAM
56236.28491,-10.32850,0.01136,-9.87665,0.02645,-10.04024,0.00692,-9.60551,0.01412,EulerCAM
56243.29485,-10.38166,0.00360,-9.84996,0.00519,-10.04212,0.00889,-9.62529,0.00990,EulerCAM
56248.30785,-10.40270,0.01005,-9.85985,0.00644,-10.04905,0.01400,-9.59231,0.01280,EulerCAM
56251.12793,-10.39452,0.00397,-9.88705,0.01258,-10.08982,0.00566,-9.60511,0.00813,EulerCAM
56256.18845,-10.42350,0.00572,-9.92859,0.03858,-10.09818,0.01703,-9.60598,0.01140,EulerCAM
56263.30772,-10.43848,0.00481,-9.91187,0.00725,-10.08986,0.00884,-9.64134,0.01403,EulerCAM
56267.08682,-10.42549,0.00434,-9.91932,0.01044,-10.14757,0.01319,-9.67138,0.01001,EulerCAM
56271.11097,-10.44651,0.00344,-9.93886,0.01077,-10.13854,0.00586,-9.66095,0.00585,EulerCAM
56275.17746,-10.45701,0.00329,-9.92714,0.01043,-10.15917,0.00496,-9.63678,0.01320,EulerCAM
56280.06989,-10.46948,0.00500,-9.94443,0.01976,-10.17673,0.00855,-9.71547,0.00689,EulerCAM
56286.10699,-10.48962,0.00540,-9.98772,0.02578,-10.18688,0.01233,-9.72962,0.01250,EulerCAM
56289.14271,-10.52680,0.01443,-9.94314,0.02338,-10.23384,0.02302,-9.70996,0.01763,EulerCAM
56290.14550,-10.48547,0.00673,-9.97873,0.03275,-10.20237,0.00849,-9.73033,0.02508,EulerCAM
56295.17610,-10.52058,0.00712,-9.95880,0.00573,-10.22690,0.00870,-9.73159,0.02158,EulerCAM
56299.11194,-10.57203,0.00748,-10.01413,0.01291,-10.24424,0.00931,-9.77741,0.02907,EulerCAM
56304.04990,-10.56002,0.00632,-10.03623,0.01270,-10.27461,0.00650,-9.77113,0.00749,EulerCAM
56309.14851,-10.57723,0.00804,-10.07569,0.01035,-10.26994,0.00582,-9.77879,0.00524,EulerCAM
56314.10755,-10.58332,0.01470,-10.09815,0.01039,-10.31177,0.01619,-9.83877,0.01307,EulerCAM
56317.13546,-10.62723,0.00970,-10.05099,0.01209,-10.31092,0.00805,-9.79662,0.02118,EulerCAM
56320.10175,-10.60883,0.00466,-10.09728,0.00868,-10.31849,0.00577,-9.81815,0.00864,EulerCAM
56325.12894,-10.62745,0.00800,-10.12258,0.01186,-10.30731,0.00433,-9.85916,0.01031,EulerCAM
56329.07852,-10.62873,0.00331,-10.12513,0.01145,-10.32134,0.00788,-9.88587,0.01489,EulerCAM
56335.09208,-10.62776,0.00408,-10.13410,0.00410,-10.32787,0.00373,-9.89010,0.00473,EulerCAM
56341.04885,-10.66439,0.00465,-10.14996,0.01014,-10.34271,0.00517,-9.90476,0.00736,EulerCAM
56343.04665,-10.66731,0.00456,-10.16314,0.00683,-10.35541,0.00986,-9.90483,0.01351,EulerCAM
56344.04570,-10.67321,0.00397,-10.13726,0.00852,-10.36878,0.00495,-9.93548,0.00843,EulerCAM
56351.01811,-10.66658,0.00400,-10.18916,0.00573,-10.34609,0.00507,-9.93769,0.00843,EulerCAM
56355.01488,-10.68774,0.00415,-10.19139,0.00441,-10.39175,0.00382,-9.93023,0.00535,EulerCAM
56360.01245,-10.67704,0.00338,-10.17630,0.00495,-10.38538,0.00834,-9.93306,0.01094,EulerCAM
56363.00866,-10.68352,0.00337,-10.19318,0.00591,-10.38192,0.00418,-9.95206,0.01211,EulerCAM
56371.00040,-10.68825,0.00422,-10.19138,0.01037,-10.38688,0.01682,-9.96805,0.01107,EulerCAM
56375.00261,-10.69003,0.00628,-10.15643,0.01055,-10.36009,0.00562,-9.97620,0.01111,EulerCAM
56381.99044,-10.67618,0.01356,-10.21187,0.01023,-10.38937,0.00513,-9.96381,0.01339,EulerCAM
56505.43356,-10.62673,0.00475,-10.13909,0.00706,-10.33883,0.00598,-9.93141,0.01107,EulerCAM
56508.42408,-10.61884,0.00793,-10.15279,0.00907,-10.29350,0.00480,-9.90236,0.00727,EulerCAM
56511.43696,-10.60169,0.00890,-10.09353,0.01372,-10.25772,0.01194,-9.91717,0.01598,EulerCAM
56512.43592,-10.55809,0.02226,-10.09019,0.03126,-10.32905,0.02609,-9.97052,0.03434,EulerCAM
56515.42918,-10.59255,0.00499,-10.11319,0.00730,-10.29921,0.01180,-9.87209,0.00889,EulerCAM
56519.42877,-10.61401,0.00846,-10.14512,0.00975,-10.29523,0.00722,-9.87834,0.01012,EulerCAM
56523.42172,-10.62266,0.00394,-10.11793,0.01643,-10.31258,0.00483,-9.85342,0.00780,EulerCAM
56529.39404,-10.63165,0.00873,-10.07032,0.01850,-10.31288,0.02078,-9.86457,0.01885,EulerCAM
56532.41009,-10.64026,0.00439,-10.12691,0.01705,-10.32391,0.00562,-9.85836,0.00824,EulerCAM
56544.32058,-10.63586,0.01631,-10.14866,0.01891,-10.33607,0.00750,-9.85255,0.04181,EulerCAM
56548.38170,-10.63554,0.00336,-10.14601,0.00614,-10.31738,0.00627,-9.89498,0.01057,EulerCAM
56556.38233,-10.60991,0.00751,-10.15108,0.02534,-10.32411,0.01061,-9.92246,0.01090,EulerCAM
56560.39407,-10.58703,0.04045,-10.13347,0.03763,-10.27567,0.02397,-9.83151,0.02633,EulerCAM
56564.29229,-10.63710,0.00849,-10.18638,0.00449,-10.31525,0.00477,-9.90239,0.00844,EulerCAM
56568.35413,-10.61872,0.00448,-10.17536,0.00929,-10.32279,0.00718,-9.94847,0.00566,EulerCAM
56569.32786,-10.62957,0.00751,-10.17564,0.00843,-10.30666,0.00907,-9.93266,0.01267,EulerCAM
56572.38379,-10.61593,0.00314,-10.16059,0.00430,-10.29325,0.00415,-9.91961,0.00512,EulerCAM
56576.34787,-10.60868,0.00391,-10.14121,0.00487,-10.29172,0.00526,-9.91711,0.00730,EulerCAM
56577.38400,-10.60144,0.00357,-10.15198,0.01065,-10.26818,0.00663,-9.88451,0.00569,EulerCAM
56581.25119,-10.59923,0.00618,-10.15286,0.01322,-10.28825,0.00807,-9.88821,0.01288,EulerCAM
56584.37155,-10.61816,0.00560,-10.13787,0.00827,-10.29387,0.01087,-9.85988,0.01048,EulerCAM
56590.33116,-10.60596,0.00432,-10.11539,0.00638,-10.29424,0.00567,-9.84112,0.01541,EulerCAM
56599.29383,-10.62303,0.00430,-10.13564,0.00600,-10.28232,0.01101,-9.84160,0.00897,EulerCAM
56600.30150,-10.61604,0.00327,-10.11793,0.01527,-10.28246,0.00409,-9.87678,0.01270,EulerCAM
56604.26601,-10.61527,0.00581,-10.14165,0.00426,-10.29101,0.00384,-9.85309,0.00524,EulerCAM
56608.32298,-10.62464,0.00612,-10.16189,0.00468,-10.27399,0.00640,-9.85220,0.01601,EulerCAM
56612.20258,-10.62949,0.00616,-10.16470,0.01248,-10.31341,0.01735,-9.85396,0.01196,EulerCAM
56616.27160,-10.62062,0.00536,-10.15093,0.00986,-10.30653,0.00696,-9.86120,0.01017,EulerCAM
56623.32500,-10.63245,0.00327,-10.14993,0.00722,-10.29452,0.00633,-9.88152,0.00744,EulerCAM
56632.18596,-10.63124,0.00785,-10.15886,0.00548,-10.29260,0.01038,-9.87503,0.00619,EulerCAM
56635.21360,-10.59812,0.00360,-10.16824,0.00440,-10.27861,0.00406,-9.89179,0.00795,EulerCAM
56639.12101,-10.59879,0.00454,-10.13703,0.00661,-10.29606,0.00580,-9.85183,0.00842,EulerCAM
56645.18433,-10.60597,0.01373,-10.14649,0.00817,-10.29166,0.01384,-9.86866,0.00943,EulerCAM
56647.15525,-10.61887,0.00395,-10.13828,0.00568,-10.30126,0.01074,-9.83977,0.01493,EulerCAM
56654.14783,-10.60976,0.00361,-10.15363,0.00830,-10.28694,0.00368,-9.84909,0.00624,EulerCAM
56660.08892,-10.60592,0.00407,-10.15862,0.00885,-10.27680,0.00497,-9.86388,0.00581,EulerCAM
56665.11035,-10.60918,0.00972,-10.16069,0.00610,-10.29289,0.00417,-9.85431,0.00726,EulerCAM
56671.19391,-10.64215,0.01191,-10.14382,0.02240,-10.28839,0.02296,-9.84226,0.02613,EulerCAM
56684.16564,-10.70482,0.01101,-10.20224,0.01056,-10.36626,0.01351,-9.85494,0.03306,EulerCAM
56693.07059,-10.70432,0.00636,-10.23345,0.00450,-10.36608,0.00601,-9.91225,0.01117,EulerCAM
56696.09009,-10.69002,0.00400,-10.25662,0.00613,-10.38111,0.00841,-9.90983,0.01535,EulerCAM
56699.08261,-10.71112,0.00453,-10.23475,0.01740,-10.38452,0.00602,-9.91999,0.00830,EulerCAM
56708.09853,-10.72585,0.00320,-10.26057,0.00448,-10.39618,0.00411,-9.95540,0.00768,EulerCAM
56713.04870,-10.72268,0.00412,-10.26753,0.00417,-10.39550,0.01298,-9.96683,0.00524,EulerCAM
56717.05900,-10.70562,0.00869,-10.28017,0.00899,-10.36539,0.00415,-9.95754,0.01381,EulerCAM
56721.01194,-10.71057,0.00323,-10.25778,0.00447,-10.38011,0.00408,-9.96618,0.02006,EulerCAM
56725.01085,-10.70629,0.00452,-10.26220,0.00647,-10.38323,0.00594,-9.95140,0.01085,EulerCAM
56738.99694,-10.70172,0.00334,-10.24306,0.00893,-10.37055,0.00613,-9.94139,0.00885,EulerCAM
56740.99477,-10.71659,0.00325,-10.25384,0.00953,-10.38184,0.00476,-9.95610,0.01579,EulerCAM
56744.99109,-10.70007,0.01259,-10.26050,0.01579,-10.38940,0.00821,-9.92810,0.00778,EulerCAM
56748.98853,-10.70505,0.00398,-10.24844,0.02083,-10.39301,0.01923,-9.93019,0.00944,EulerCAM
56871.42410,-10.74356,0.00795,-10.37731,0.01288,-10.45078,0.01237,-10.04593,0.00910,EulerCAM
56877.42742,-10.74132,0.00329,-10.32505,0.00443,-10.44425,0.00617,-10.04842,0.01315,EulerCAM
56878.42627,-10.74545,0.01030,-10.32835,0.02347,-10.44873,0.02861,-10.06221,0.01388,EulerCAM
56884.41833,-10.73866,0.00534,-10.32725,0.01264,-10.42991,0.00439,-10.01368,0.00773,EulerCAM
56888.41554,-10.73739,0.00367,-10.34039,0.01152,-10.44401,0.00728,-10.00011,0.01056,EulerCAM
56906.39943,-10.73785,0.01030,-10.30628,0.00465,-10.45266,0.01543,-9.99981,0.02133,EulerCAM
56933.35781,-10.87729,0.00336,-10.41513,0.01170,-10.56217,0.00503,-10.06343,0.00905,EulerCAM
56937.27789,-10.90891,0.00648,-10.43724,0.01032,-10.60524,0.00473,-10.07716,0.00718,EulerCAM
56943.35397,-10.92325,0.00439,-10.45846,0.00639,-10.60938,0.00377,-10.10228,0.00551,EulerCAM
56948.38309,-10.94071,0.00389,-10.48124,0.00532,-10.63023,0.00478,-10.14473,0.00686,EulerCAM
56950.29903,-10.92620,0.00736,-10.47720,0.00331,-10.63085,0.00432,-10.15942,0.00592,EulerCAM
56954.28245,-10.93418,0.00244,-10.49788,0.00317,-10.64023,0.00531,-10.19529,0.00465,EulerCAM
56955.38614,-10.93262,0.01395,-10.43466,0.02070,-10.61480,0.01778,-10.21021,0.02507,EulerCAM
56958.38290,-10.97689,0.01395,-10.46299,0.02070,-10.60973,0.01778,-10.19550,0.02332,EulerCAM
56959.38314,-10.98106,0.01395,-10.49831,0.02070,-10.61450,0.01778,-10.25240,0.02332,EulerCAM
56960.37979,-10.93506,0.00401,-10.48589,0.01900,-10.63638,0.01055,-10.18849,0.02769,EulerCAM
56961.38067,-10.97900,0.00847,-10.53675,0.00969,-10.60565,0.01403,-10.17216,0.01657,EulerCAM
56963.21751,-10.92706,0.00357,-10.50293,0.01171,-10.62604,0.00628,-10.17849,0.00544,EulerCAM
56966.35041,-10.94544,0.01814,-10.50363,0.00688,-10.60226,0.01225,-10.13920,0.00942,EulerCAM
56973.32980,-10.92438,0.00540,-10.49673,0.00517,-10.60732,0.00416,-10.20164,0.00797,EulerCAM
56974.34294,-10.93053,0.00403,-10.49946,0.00569,-10.62144,0.00279,-10.19552,0.00552,EulerCAM
56976.36371,-10.92087,0.00337,-10.49951,0.00472,-10.60159,0.00429,-10.19004,0.00597,EulerCAM
56977.24062,-10.92116,0.00250,-10.48866,0.00365,-10.62580,0.00504,-10.19620,0.00683,EulerCAM
56982.33693,-10.91459,0.00514,-10.49094,0.00333,-10.60120,0.00325,-10.19083,0.00409,EulerCAM
56985.30400,-10.93090,0.00281,-10.48150,0.00381,-10.60576,0.00594,-10.18725,0.00933,EulerCAM
56986.30170,-10.92745,0.00263,-10.48923,0.00452,-10.60250,0.00328,-10.18639,0.00441,EulerCAM
56987.24121,-10.91597,0.00254,-10.48259,0.00334,-10.59775,0.00517,-10.22179,0.00467,EulerCAM
56988.19723,-10.90880,0.00924,-10.49081,0.00331,-10.60728,0.00309,-10.20095,0.00826,EulerCAM
56989.27066,-10.92008,0.00249,-10.49064,0.00476,-10.61042,0.00375,-10.20624,0.00774,EulerCAM
56990.19969,-10.91452,0.00292,-10.47527,0.00998,-10.61552,0.00753,-10.20103,0.01341,EulerCAM
56991.23982,-10.92007,0.00271,-10.49641,0.00650,-10.61409,0.00335,-10.18568,0.00458,EulerCAM
56992.08055,-10.91335,0.00394,-10.50273,0.00827,-10.62872,0.00503,-10.19774,0.01060,EulerCAM
56993.21557,-10.90927,0.00700,-10.49005,0.00913,-10.61979,0.01255,-10.18103,0.00668,EulerCAM
56994.07441,-10.92980,0.00823,-10.50994,0.00648,-10.61750,0.00573,-10.17654,0.02171,EulerCAM
56995.19440,-10.92385,0.00445,-10.48682,0.00550,-10.63114,0.01327,-10.17943,0.00709,EulerCAM
56996.19105,-10.94155,0.00620,-10.47162,0.03203,-10.60280,0.01080,-10.15679,0.01578,EulerCAM
56997.22880,-10.92629,0.00575,-10.45810,0.00856,-10.62823,0.00738,-10.18154,0.01089,EulerCAM
56999.09990,-10.92294,0.00409,-10.49119,0.00572,-10.63067,0.00786,-10.14595,0.02184,EulerCAM
57000.24950,-10.94627,0.00414,-10.48713,0.00663,-10.62418,0.01058,-10.16036,0.01819,EulerCAM
57001.22628,-10.94773,0.01153,-10.48424,0.00887,-10.63891,0.00458,-10.18688,0.00666,EulerCAM
57002.24367,-10.93014,0.00953,-10.51718,0.01194,-10.63613,0.00371,-10.16475,0.00690,EulerCAM
57003.30067,-10.94423,0.00397,-10.50617,0.01576,-10.62717,0.00439,-10.18516,0.00967,EulerCAM
57004.26345,-10.94926,0.00327,-10.51146,0.00526,-10.62482,0.00409,-10.19131,0.00570,EulerCAM
57005.14716,-10.93148,0.00515,-10.51554,0.00338,-10.64554,0.00309,-10.18656,0.00425,EulerCAM
57006.24609,-10.92792,0.00938,-10.51015,0.00402,-10.63394,0.00365,-10.19088,0.00745,EulerCAM
57007.25979,-10.94349,0.00273,-10.50171,0.00768,-10.62646,0.00402,-10.20292,0.00465,EulerCAM
57008.26517,-10.92809,0.00272,-10.52229,0.00707,-10.62871,0.00390,-10.17898,0.00428,EulerCAM
57009.27031,-10.92698,0.00474,-10.51909,0.01285,-10.61867,0.00534,-10.19793,0.00653,EulerCAM
57010.15085,-10.92515,0.00261,-10.52475,0.00402,-10.62971,0.00720,-10.20059,0.00718,EulerCAM
57011.19774,-10.92978,0.00238,-10.52254,0.00415,-10.62302,0.00283,-10.20166,0.00441,EulerCAM
57012.15454,-10.91328,0.00408,-10.52192,0.00345,-10.62437,0.00324,-10.20249,0.00429,EulerCAM
57013.16941,-10.92810,0.00268,-10.52528,0.01007,-10.61801,0.00330,-10.20227,0.00447,EulerCAM
57014.20186,-10.91878,0.00426,-10.52181,0.00572,-10.61068,0.00307,-10.20675,0.00697,EulerCAM
57015.27253,-10.90992,0.00259,-10.52445,0.00329,-10.60992,0.00311,-10.21210,0.00406,EulerCAM
57016.19586,-10.91555,0.00828,-10.51899,0.00590,-10.60731,0.00477,-10.20769,0.00541,EulerCAM
57017.06581,-10.91156,0.00836,-10.52708,0.00389,-10.61646,0.00592,-10.19174,0.01090,EulerCAM
57018.04295,-10.90493,0.00324,-10.49354,0.00671,-10.63075,0.01240,-10.21179,0.01680,EulerCAM
57019.04553,-10.88394,0.00634,-10.49902,0.00820,-10.62895,0.00978,-10.21829,0.00942,EulerCAM
57020.04413,-10.90954,0.00451,-10.50809,0.00537,-10.60542,0.00627,-10.19650,0.00585,EulerCAM
57021.25272,-10.90365,0.00463,-10.49903,0.00724,-10.59866,0.00323,-10.20345,0.01040,EulerCAM
57022.04820,-10.90497,0.00688,-10.46819,0.01101,-10.62102,0.00673,-10.17085,0.02547,EulerCAM
57023.05443,-10.89698,0.00459,-10.50827,0.01136,-10.62101,0.00737,-10.20601,0.00820,EulerCAM
57024.10931,-10.90207,0.00415,-10.49456,0.00578,-10.61074,0.01013,-10.17255,0.02411,EulerCAM
57025.18430,-10.91650,0.01148,-10.50309,0.01070,-10.61227,0.00529,-10.18505,0.01107,EulerCAM
57026.04889,-10.89806,0.01212,-10.51150,0.00706,-10.61111,0.00808,-10.18577,0.03029,EulerCAM
57027.10809,-10.90296,0.00676,-10.51186,0.00933,-10.60693,0.01201,-10.20607,0.01782,EulerCAM
57028.16968,-10.91224,0.00683,-10.51053,0.01067,-10.59773,0.01127,-10.17127,0.01179,EulerCAM
57029.14632,-10.89965,0.00348,-10.48996,0.00477,-10.59473,0.00439,-10.19745,0.00605,EulerCAM
57031.20778,-10.90791,0.00374,-10.50798,0.01183,-10.61802,0.01241,-10.16979,0.00675,EulerCAM
57033.20325,-10.90304,0.00795,-10.49669,0.00520,-10.59070,0.00367,-10.16859,0.00589,EulerCAM
57036.12321,-10.90707,0.00414,-10.48796,0.00495,-10.59889,0.00419,-10.17460,0.00428,EulerCAM
57040.07115,-10.89939,0.00329,-10.49764,0.00305,-10.59284,0.00920,-10.17691,0.00727,EulerCAM
57045.11466,-10.89040,0.00256,-10.47831,0.00330,-10.58496,0.00308,-10.16787,0.00709,EulerCAM
57049.06691,-10.86056,0.00861,-10.47522,0.00399,-10.57345,0.00370,-10.16730,0.00503,EulerCAM
57053.11895,-10.86734,0.01093,-10.48143,0.00740,-10.54987,0.00559,-10.14900,0.00781,EulerCAM
57057.07761,-10.85801,0.00398,-10.47759,0.00536,-10.54142,0.00510,-10.13351,0.01446,EulerCAM
57063.07969,-10.84776,0.00914,-10.47171,0.00623,-10.54181,0.00549,-10.13855,0.00934,EulerCAM
57064.08097,-10.85315,0.00361,-10.45828,0.00430,-10.53979,0.00562,-10.14714,0.00403,EulerCAM
57069.06226,-10.83424,0.00339,-10.44577,0.00338,-10.51594,0.01312,-10.12232,0.00431,EulerCAM
57079.03485,-10.78498,0.00587,-10.43210,0.03268,-10.50326,0.02508,-10.09874,0.03647,EulerCAM
57080.04636,-10.86078,0.01395,-10.29774,0.02070,-10.49474,0.01778,-10.09998,0.02357,EulerCAM
57081.10018,-10.78083,0.00834,-10.45657,0.04997,-10.51107,0.01055,-10.03875,0.04151,EulerCAM
57083.05006,-10.80187,0.00424,-10.41081,0.01276,-10.46292,0.00560,-10.08904,0.02045,EulerCAM
57087.01780,-10.79249,0.00409,-10.43735,0.00677,-10.48954,0.00551,-10.08536,0.00791,EulerCAM
57091.01508,-10.81491,0.00518,-10.41914,0.00835,-10.49983,0.00521,-10.07167,0.01249,EulerCAM
57095.02765,-10.79444,0.00334,-10.42602,0.00452,-10.48659,0.01011,-10.03170,0.00925,EulerCAM
57099.00948,-10.79056,0.00295,-10.39338,0.00407,-10.47905,0.00358,-10.06877,0.00473,EulerCAM
57102.03834,-10.77127,0.00643,-10.41333,0.00726,-10.46341,0.01941,-10.05408,0.00837,EulerCAM
57103.00459,-10.81143,0.01103,-10.38395,0.01517,-10.44432,0.00476,-10.12049,0.00615,EulerCAM
57112.98968,-10.75452,0.00473,-10.39174,0.00736,-10.44373,0.00608,-10.09362,0.00811,EulerCAM
57236.42160,-10.82861,0.01215,-10.44525,0.01599,-10.59211,0.00565,-10.07717,0.00872,EulerCAM
57255.38868,-10.85281,0.00781,-10.49443,0.00363,-10.61116,0.00698,-10.11242,0.00662,EulerCAM
57258.40759,-10.83500,0.00847,-10.50240,0.00710,-10.59627,0.00311,-10.10923,0.00434,EulerCAM
57270.40181,-10.83215,0.00593,-10.52505,0.00522,-10.58392,0.00698,-10.12541,0.00568,EulerCAM
57274.40088,-10.84689,0.00423,-10.52076,0.01055,-10.58784,0.00573,-10.13764,0.01321,EulerCAM
57278.36065,-10.82565,0.00274,-10.54465,0.00659,-10.59407,0.00313,-10.12191,0.00716,EulerCAM
57291.27680,-10.83354,0.01229,-10.54159,0.00675,-10.56932,0.01223,-10.12452,0.03074,EulerCAM
57294.33979,-10.82088,0.00710,-10.54274,0.01688,-10.55100,0.00676,-10.12917,0.01919,EulerCAM
57298.26509,-10.81617,0.01099,-10.56760,0.00570,-10.56542,0.01283,-10.10409,0.01926,EulerCAM
57299.33740,-10.82228,0.01879,-10.54171,0.00497,-10.53879,0.00495,-10.12353,0.01196,EulerCAM
57300.32968,-10.81075,0.02532,-10.50221,0.03682,-10.53820,0.01660,-10.12717,0.04717,EulerCAM
57301.27287,-10.82040,0.00461,-10.48686,0.00582,-10.60987,0.07213,-10.13587,0.01131,EulerCAM
57311.29038,-10.79682,0.00588,-10.52914,0.01130,-10.54897,0.00478,-10.12165,0.00539,EulerCAM
57322.31214,-10.79226,0.00782,-10.53688,0.01163,-10.51051,0.02358,-10.04365,0.01211,EulerCAM
57324.35030,-10.80789,0.01213,-10.49871,0.00866,-10.57097,0.01165,-10.05744,0.01270,EulerCAM
57329.33773,-10.82294,0.01658,-10.50452,0.00484,-10.50856,0.01006,-10.07604,0.01119,EulerCAM
57334.31991,-10.81605,0.00303,-10.54024,0.00632,-10.52995,0.00492,-10.08547,0.00615,EulerCAM
57338.31652,-10.82758,0.00754,-10.51092,0.01289,-10.53008,0.01421,-10.09206,0.01033,EulerCAM
57344.17249,-10.81942,0.00329,-10.52457,0.00586,-10.57644,0.01215,-10.07621,0.00846,EulerCAM
57358.11500,-10.91983,0.00456,-10.62459,0.00381,-10.65024,0.00520,-10.12272,0.00691,EulerCAM
57362.11468,-10.91721,0.00338,-10.63653,0.00622,-10.68089,0.00448,-10.14089,0.00410,EulerCAM
57371.16545,-10.96426,0.00176,-10.68557,0.00126,-10.71704,0.00204,-10.20041,0.00261,EulerCAM
57372.16608,-10.96657,0.00232,-10.68683,0.00357,-10.72073,0.00222,-10.19925,0.00422,EulerCAM
57373.15892,-10.96875,0.00200,-10.69364,0.00294,-10.72655,0.00219,-10.20576,0.00407,EulerCAM
57381.12791,-11.02425,0.00854,-10.73216,0.01228,-10.74974,0.00705,-10.21730,0.01984,EulerCAM
57385.14673,-11.04090,0.00309,-10.77202,0.00373,-10.79803,0.00955,-10.24681,0.01522,EulerCAM
57389.18669,-11.04770,0.00244,-10.79346,0.00874,-10.79716,0.00614,-10.28063,0.00932,EulerCAM
57397.14177,-11.05846,0.00242,-10.80906,0.00280,-10.82882,0.00309,-10.34430,0.00377,EulerCAM
57401.14592,-11.06715,0.00335,-10.82694,0.00532,-10.83002,0.00485,-10.34534,0.00360,EulerCAM
57415.09677,-11.08505,0.00429,-10.86839,0.00483,-10.85154,0.00343,-10.38246,0.00881,EulerCAM
57419.08519,-11.10045,0.00313,-10.86667,0.00278,-10.85527,0.00649,-10.39737,0.00360,EulerCAM
57423.04013,-11.08607,0.00707,-10.87261,0.00576,-10.86947,0.00334,-10.39969,0.00395,EulerCAM
57427.05982,-11.09986,0.00312,-10.88166,0.00604,-10.86881,0.00336,-10.41610,0.00403,EulerCAM
57431.10079,-11.08026,0.00253,-10.86504,0.00405,-10.86024,0.00287,-10.41362,0.01089,EulerCAM
57434.03218,-11.08372,0.00677,-10.88646,0.00384,-10.85450,0.00394,-10.42990,0.00910,EulerCAM
57439.03842,-11.07744,0.00519,-10.86171,0.00611,-10.84505,0.01976,-10.43351,0.00663,EulerCAM
57443.04180,-11.08715,0.00628,-10.86057,0.00378,-10.83518,0.00580,-10.40007,0.00575,EulerCAM
57447.03918,-11.08404,0.00461,-10.85704,0.00318,-10.83554,0.00300,-10.39657,0.00682,EulerCAM
57452.03514,-11.06730,0.00586,-10.85696,0.00619,-10.83855,0.00325,-10.39761,0.00966,EulerCAM
57456.04038,-11.09838,0.00921,-10.85488,0.00439,-10.86399,0.00367,-10.39146,0.01248,EulerCAM
57461.03913,-11.09492,0.00301,-10.86335,0.00860,-10.85447,0.00651,-10.40576,0.00434,EulerCAM
57469.99844,-11.10910,0.00475,-10.90795,0.01332,-10.84376,0.01430,-10.42384,0.01154,EulerCAM
57474.01116,-11.09590,0.00969,-10.89602,0.00979,-10.86022,0.01146,-10.42601,0.01380,EulerCAM
57478.99464,-11.09674,0.01904,-10.87685,0.00884,-10.85079,0.00418,-10.40376,0.00595,EulerCAM
57602.42631,-10.98500,0.00381,-10.74944,0.01452,-10.73832,0.00351,-10.24469,0.00507,EulerCAM
57606.40928,-11.02679,0.00416,-10.70783,0.00527,-10.72741,0.01302,-10.21862,0.03782,EulerCAM
57608.41771,-10.97336,0.00461,-10.73996,0.00419,-10.75421,0.00344,-10.27546,0.01298,EulerCAM
57609.41988,-10.98791,0.00274,-10.75493,0.00581,-10.74590,0.00549,-10.27512,0.00446,EulerCAM
57617.42360,-11.00400,0.00788,-10.76341,0.00649,-10.76651,0.01161,-10.27460,0.00734,EulerCAM
57622.40636,-11.01717,0.01103,-10.77769,0.00997,-10.80575,0.00702,-10.28325,0.00666,EulerCAM
57625.41718,-11.03249,0.00992,-10.77239,0.00708,-10.82793,0.00390,-10.27973,0.00484,EulerCAM
57632.37553,-11.05627,0.00297,-10.83190,0.00639,-10.85765,0.00271,-10.31874,0.00444,EulerCAM
57651.36843,-11.11300,0.00342,-10.89786,0.00632,-10.90932,0.00421,-10.43283,0.00481,EulerCAM
57659.39882,-11.12121,0.00520,-10.91353,0.00443,-10.90128,0.00447,-10.45918,0.00804,EulerCAM
57667.27831,-11.11940,0.00224,-10.93151,0.00325,-10.93854,0.00497,-10.45077,0.00573,EulerCAM
57671.27967,-11.13728,0.00230,-10.94350,0.00543,-10.94698,0.00241,-10.45216,0.01057,EulerCAM
57687.31681,-11.16653,0.00377,-11.00929,0.00298,-10.96884,0.00771,-10.51403,0.00651,EulerCAM
57690.32176,-11.16558,0.00206,-11.02087,0.00291,-10.97102,0.00230,-10.50180,0.00582,EulerCAM
57695.21073,-11.17040,0.00333,-11.03777,0.00520,-10.99480,0.00570,-10.51540,0.00323,EulerCAM
57699.16795,-11.16975,0.00771,-11.02991,0.00289,-10.98424,0.00339,-10.50800,0.00769,EulerCAM
57711.20417,-11.16010,0.00600,-11.01745,0.00352,-10.98840,0.00393,-10.54080,0.00848,EulerCAM
57720.28403,-11.17359,0.00233,-11.02907,0.00296,-10.97754,0.00381,-10.52830,0.00348,EulerCAM
57728.09207,-11.19565,0.00633,-11.02805,0.00831,-11.02795,0.00953,-10.54038,0.00430,EulerCAM
57736.14380,-11.21024,0.00971,-11.05109,0.00661,-11.02824,0.00934,-10.54493,0.01027,EulerCAM
57741.14225,-11.20252,0.00711,-11.06984,0.00234,-11.03453,0.00239,-10.56732,0.00515,EulerCAM
57749.14486,-11.22953,0.00449,-11.06968,0.00408,-11.03737,0.00465,-10.58241,0.00378,EulerCAM
57757.14894,-11.22440,0.00915,-11.08549,0.00243,-11.05339,0.00459,-10.58677,0.00333,EulerCAM
57765.10337,-11.22943,0.00443,-11.10554,0.01338,-11.05082,0.00613,-10.57622,0.00844,EulerCAM
57769.11976,-11.23624,0.00419,-11.10442,0.00553,-11.05693,0.00673,-10.61848,0.00396,EulerCAM
57773.11647,-11.24044,0.00286,-11.11873,0.00297,-11.04603,0.00219,-10.60898,0.00272,EulerCAM
57785.14156,-11.25652,0.00196,-11.09440,0.00259,-11.06730,0.00322,-10.60558,0.00511,EulerCAM
57795.09175,-11.23510,0.00476,-11.13688,0.00516,-11.06288,0.00548,-10.60126,0.03177,EulerCAM
57799.12955,-11.19647,0.01987,-11.13684,0.01515,-11.11173,0.01485,-10.55872,0.03166,EulerCAM
57809.10390,-11.23247,0.01395,-11.11635,0.02070,-11.05688,0.01778,-10.60645,0.02332,EulerCAM
57816.03888,-11.23231,0.01105,-11.12030,0.01030,-11.04278,0.00321,-10.59770,0.00697,EulerCAM
57820.03742,-11.22875,0.00518,-11.11358,0.00377,-11.03679,0.00415,-10.62582,0.01040,EulerCAM
57824.03490,-11.23203,0.00431,-11.12411,0.00367,-11.01727,0.01046,-10.59174,0.00561,EulerCAM
57829.02259,-11.22036,0.00246,-11.12101,0.00237,-11.01356,0.00252,-10.61665,0.00398,EulerCAM
57841.01786,-11.16150,0.01395,-11.09223,0.02070,-10.94495,0.01778,-10.58087,0.02332,EulerCAM
57948.43610,-11.02868,0.01395,-10.99616,0.02070,-10.91195,0.01778,-10.42382,0.02332,EulerCAM
57960.43113,-11.07196,0.00572,-11.01689,0.00561,-10.89608,0.00935,-10.42971,0.00514,EulerCAM
57964.42415,-11.07464,0.00257,-11.00906,0.00768,-10.90331,0.00838,-10.41683,0.00570,EulerCAM
57968.42276,-11.06631,0.00992,-10.98470,0.01303,-10.91929,0.01905,-10.41849,0.02265,EulerCAM
57972.42582,-11.06353,0.00443,-10.97276,0.00827,-10.93494,0.00487,-10.43276,0.02186,EulerCAM
57987.40157,-11.05595,0.00368,-10.94216,0.00512,-10.88341,0.00830,-10.44559,0.00338,EulerCAM
57993.39280,-11.06854,0.00549,-10.94656,0.01200,-10.89621,0.00286,-10.41201,0.01309,EulerCAM
57998.32828,-11.08236,0.00961,-10.93666,0.00368,-10.95483,0.01070,-10.40905,0.02003,EulerCAM
58001.32632,-11.08920,0.00383,-10.97666,0.00716,-10.92704,0.00437,-10.41800,0.00822,EulerCAM
58010.34044,-11.10298,0.00720,-11.02416,0.00289,-10.94556,0.00920,-10.45706,0.01058,EulerCAM
58013.30008,-11.10916,0.00228,-11.03505,0.00323,-10.94932,0.00247,-10.46550,0.00400,EulerCAM
58017.39497,-11.12166,0.00988,-11.04783,0.00369,-10.94348,0.00315,-10.47519,0.00344,EulerCAM
58022.36851,-11.09898,0.00231,-11.05895,0.00236,-10.93621,0.00325,-10.51449,0.00917,EulerCAM
58026.25030,-11.10475,0.01380,-11.04624,0.01364,-10.93391,0.00751,-10.48501,0.01383,EulerCAM
58029.27558,-11.08027,0.00430,-11.04812,0.00619,-10.91605,0.00876,-10.48273,0.02359,EulerCAM
58033.25105,-11.07688,0.00430,-11.04714,0.00620,-10.90670,0.00494,-10.49210,0.01190,EulerCAM
58039.22552,-11.07041,0.00252,-11.03728,0.00502,-10.90310,0.00706,-10.46111,0.00581,EulerCAM
58041.36418,-11.09304,0.01395,-11.04216,0.02070,-10.85020,0.01778,-10.47797,0.02332,EulerCAM
58043.27353,-11.06110,0.00222,-11.04052,0.00225,-10.88625,0.00446,-10.45910,0.00830,EulerCAM
58045.28897,-11.05340,0.00267,-11.03619,0.00282,-10.88665,0.00515,-10.45420,0.00384,EulerCAM
58049.27195,-11.04324,0.00572,-11.02983,0.00265,-10.86381,0.00624,-10.44776,0.01583,EulerCAM
58053.17730,-11.03721,0.00289,-11.02193,0.00427,-10.84889,0.00794,-10.44195,0.00431,EulerCAM
58057.23164,-11.01815,0.00733,-10.99225,0.00286,-10.85897,0.01184,-10.42204,0.00428,EulerCAM
58066.33276,-11.03315,0.00579,-10.97785,0.00697,-10.82949,0.00344,-10.39531,0.01078,EulerCAM
58074.31626,-11.03645,0.00857,-10.98770,0.00370,-10.84866,0.00892,-10.38831,0.00387,EulerCAM
58078.23495,-11.05682,0.00403,-11.02679,0.00455,-10.85105,0.00388,-10.38072,0.01275,EulerCAM
58082.32525,-11.04538,0.01014,-11.04564,0.00546,-10.83323,0.00380,-10.39726,0.00756,EulerCAM
58086.14641,-11.02848,0.00299,-11.06351,0.00645,-10.88037,0.01295,-10.37371,0.00609,EulerCAM
58090.22356,-11.04578,0.00607,-11.06050,0.00762,-10.86479,0.00759,-10.38085,0.01365,EulerCAM
58098.12155,-11.04735,0.00413,-11.04168,0.00691,-10.87817,0.00449,-10.40475,0.00584,EulerCAM
58100.29243,-11.03223,0.00987,-11.06564,0.00506,-10.87225,0.01117,-10.41266,0.01182,EulerCAM
58103.05020,-11.04549,0.00245,-11.05866,0.00243,-10.86595,0.00269,-10.38706,0.00758,EulerCAM
58107.12616,-11.03086,0.00461,-11.05939,0.00466,-10.87300,0.00378,-10.39973,0.00384,EulerCAM
58110.14627,-11.03414,0.00252,-11.06208,0.00328,-10.85131,0.00277,-10.42385,0.00360,EulerCAM
58114.12095,-11.04480,0.00285,-11.06196,0.00282,-10.87454,0.00774,-10.40483,0.00450,EulerCAM
58118.11669,-11.01369,0.02753,-11.06676,0.00757,-10.84470,0.00637,-10.42730,0.04029,EulerCAM
58122.11576,-11.02919,0.00636,-11.06991,0.00304,-10.86667,0.00377,-10.40722,0.00476,EulerCAM
58126.17535,-11.05003,0.01298,-11.06389,0.01342,-10.86810,0.01012,-10.40438,0.00478,EulerCAM
58134.09214,-11.02905,0.00242,-11.06469,0.00238,-10.85732,0.00264,-10.39830,0.00342,EulerCAM
58138.11485,-11.03955,0.01091,-11.07282,0.00248,-10.86673,0.00478,-10.40450,0.00622,EulerCAM
58152.12286,-11.06158,0.00410,-11.06277,0.00411,-10.86547,0.00467,-10.39773,0.00656,EulerCAM
58156.08213,-11.04385,0.00472,-11.04421,0.00514,-10.86181,0.01417,-10.39497,0.01001,EulerCAM
58160.07628,-11.05479,0.00279,-11.03789,0.00247,-10.87574,0.00269,-10.41581,0.01204,EulerCAM
58164.06002,-11.08091,0.00766,-11.03559,0.00271,-10.89507,0.00799,-10.41264,0.01424,EulerCAM
58168.06848,-11.08219,0.00453,-11.04051,0.00407,-10.89089,0.00260,-10.40950,0.00402,EulerCAM
58172.06897,-11.08631,0.00313,-11.05961,0.00508,-10.91905,0.00704,-10.44987,0.00700,EulerCAM
58174.05698,-11.08350,0.00768,-11.07014,0.00363,-10.91922,0.00425,-10.43141,0.00843,EulerCAM
58177.07746,-11.09228,0.01395,-11.07160,0.02070,-10.94658,0.01778,-10.42669,0.02332,EulerCAM
58178.02836,-11.07974,0.02000,-11.08344,0.00934,-10.97432,0.04060,-10.43005,0.01041,EulerCAM
58180.06328,-11.10867,0.00957,-11.07248,0.00736,-10.91508,0.00505,-10.48493,0.01705,EulerCAM
58184.05959,-11.10205,0.00383,-11.08272,0.00842,-10.92065,0.00280,-10.46772,0.00368,EulerCAM
58187.03430,-11.10811,0.01075,-11.09083,0.00930,-10.92991,0.00269,-10.47317,0.01122,EulerCAM
58189.00935,-11.10616,0.00272,-11.08072,0.00811,-10.93355,0.01354,-10.48474,0.00392,EulerCAM
58192.03224,-11.09004,0.01226,-11.08444,0.00522,-10.93201,0.01094,-10.50277,0.00408,EulerCAM
58196.00534,-11.10825,0.00275,-11.08764,0.00696,-10.93054,0.00380,-10.48100,0.00402,EulerCAM
58201.01196,-11.11371,0.01857,-11.07873,0.00709,-10.94750,0.00662,-10.49538,0.01774,EulerCAM
58204.99816,-11.11443,0.00387,-11.10148,0.00655,-10.93223,0.01112,-10.48532,0.01677,EulerCAM
58210.00944,-11.11099,0.01395,-11.12633,0.02070,-10.94123,0.01778,-10.49940,0.02332,EulerCAM
58354.41787,-11.04144,0.00546,-11.18192,0.01765,-10.95132,0.02899,-10.47636,0.02011,EulerCAM
